order_id,customer_id,product_id,order_date,quantity,amount,status
10001,138,27,2024-01-01,3,183.78,completed
10002,344,28,2024-01-01,2,66.22,completed
10003,273,15,2024-01-01,4,486.36,completed
10004,324,2,2024-01-01,2,823.34,completed
10005,376,6,2024-01-01,1,209.08,completed
10006,386,19,2024-01-01,3,72.14,completed
10007,89,11,2024-01-01,1,27.58,completed
10008,150,11,2024-01-01,4,113.08,returned
10009,495,30,2024-01-01,2,93.63,cancelled
10010,1,27,2024-01-01,2,124.88,completed
10011,288,12,2024-01-02,3,285.86,completed
10012,366,5,2024-01-02,2,295.1,completed
10013,68,18,2024-01-02,4,23.44,completed
10014,412,24,2024-01-02,1,34.74,completed
10015,82,13,2024-01-02,4,205.52,completed
10016,157,17,2024-01-02,4,57.31,cancelled
10017,208,1,2024-01-03,1,719.33,completed
10018,352,2,2024-01-03,4,1598.0,cancelled
10019,214,15,2024-01-03,1,120.55,completed
10020,141,5,2024-01-03,4,586.09,cancelled
10021,384,17,2024-01-03,1,14.22,completed
10022,1,18,2024-01-03,3,16.89,completed
10023,124,4,2024-01-03,1,596.55,returned
10024,189,16,2024-01-03,2,45.73,cancelled
10025,335,19,2024-01-03,2,50.43,returned
10026,186,19,2024-01-03,4,104.0,completed
10027,466,2,2024-01-04,2,779.11,cancelled
10028,390,24,2024-01-04,1,37.27,cancelled
10029,129,25,2024-01-04,3,175.19,cancelled
10030,247,20,2024-01-04,2,34.1,returned
10031,221,8,2024-01-04,4,169.92,completed
10032,125,24,2024-01-04,2,71.36,returned
10033,279,2,2024-01-04,4,1662.84,cancelled
10034,388,8,2024-01-04,4,165.8,cancelled
10035,465,18,2024-01-04,3,17.49,completed
10036,162,21,2024-01-05,3,241.28,completed
10037,422,14,2024-01-05,1,133.24,cancelled
10038,279,1,2024-01-05,2,1529.08,completed
10039,10,8,2024-01-05,4,173.94,completed
10040,467,6,2024-01-05,2,402.53,completed
10041,273,8,2024-01-05,1,41.57,cancelled
10042,390,16,2024-01-05,3,64.55,returned
10043,9,29,2024-01-05,4,169.2,completed
10044,187,2,2024-01-05,2,803.13,completed
10045,495,29,2024-01-05,4,175.44,completed
10046,34,29,2024-01-06,3,127.77,cancelled
10047,422,16,2024-01-06,4,89.91,completed
10048,368,8,2024-01-06,2,82.97,completed
10049,148,22,2024-01-06,3,61.85,completed
10050,10,14,2024-01-06,4,519.8,cancelled
10051,288,8,2024-01-06,4,169.7,completed
10052,36,22,2024-01-06,4,86.69,completed
10053,28,8,2024-01-06,1,40.42,completed
10054,345,17,2024-01-06,1,14.08,completed
10055,10,19,2024-01-07,3,72.01,returned
10056,390,24,2024-01-07,4,142.8,returned
10057,371,21,2024-01-07,1,81.32,completed
10058,243,12,2024-01-07,4,365.84,completed
10059,45,12,2024-01-07,4,356.0,completed
10060,310,2,2024-01-07,2,825.22,returned
10061,247,19,2024-01-07,2,50.68,returned
10062,273,7,2024-01-07,4,466.87,cancelled
10063,61,29,2024-01-07,2,88.85,completed
10064,67,30,2024-01-08,2,95.83,cancelled
10065,384,25,2024-01-08,3,163.91,completed
10066,8,8,2024-01-08,1,43.31,completed
10067,10,28,2024-01-08,2,63.4,completed
10068,373,25,2024-01-08,2,110.44,returned
10069,422,1,2024-01-08,2,1467.59,completed
10070,240,5,2024-01-08,4,541.67,completed
10071,441,5,2024-01-08,2,276.83,cancelled
10072,10,16,2024-01-08,1,21.01,returned
10073,339,3,2024-01-09,1,824.25,completed
10074,494,17,2024-01-09,4,56.6,completed
10075,139,27,2024-01-09,2,127.08,returned
10076,352,19,2024-01-09,3,79.17,completed
10077,270,8,2024-01-09,1,43.58,returned
10078,83,24,2024-01-09,3,106.18,completed
10079,277,7,2024-01-09,2,247.21,completed
10080,212,28,2024-01-09,1,30.55,completed
10081,82,15,2024-01-09,4,509.92,returned
10082,422,9,2024-01-10,4,184.12,completed
10083,244,30,2024-01-10,4,191.55,completed
10084,88,5,2024-01-10,2,291.82,completed
10085,225,13,2024-01-11,1,54.72,returned
10086,240,26,2024-01-11,2,66.97,completed
10087,277,14,2024-01-11,2,261.11,completed
10088,45,23,2024-01-11,2,22.72,cancelled
10089,344,4,2024-01-11,3,1676.64,completed
10090,83,26,2024-01-11,3,100.81,completed
10091,225,4,2024-01-11,4,2379.0,cancelled
10092,255,15,2024-01-11,4,525.07,completed
10093,104,3,2024-01-11,1,793.77,completed
10094,277,16,2024-01-12,3,62.88,completed
10095,258,8,2024-01-12,2,82.66,completed
10096,208,16,2024-01-12,1,23.27,returned
10097,19,12,2024-01-13,1,93.11,completed
10098,258,10,2024-01-13,2,342.88,cancelled
10099,142,3,2024-01-13,4,3280.11,completed
10100,296,17,2024-01-13,3,41.33,completed
10101,321,25,2024-01-13,4,219.49,completed
10102,104,18,2024-01-13,1,6.12,completed
10103,19,5,2024-01-13,3,425.54,cancelled
10104,10,3,2024-01-13,4,3211.99,completed
10105,259,28,2024-01-13,3,96.19,cancelled
10106,452,22,2024-01-13,2,41.9,returned
10107,437,17,2024-01-13,1,13.31,completed
10108,372,28,2024-01-14,4,128.68,returned
10109,181,10,2024-01-14,4,692.48,completed
10110,279,22,2024-01-14,1,20.8,completed
10111,370,23,2024-01-14,3,32.34,returned
10112,216,2,2024-01-14,4,1604.0,completed
10113,82,4,2024-01-14,2,1112.18,cancelled
10114,45,12,2024-01-14,2,191.63,returned
10115,10,25,2024-01-14,1,55.81,cancelled
10116,345,25,2024-01-14,1,55.97,returned
10117,264,24,2024-01-15,3,105.05,returned
10118,56,4,2024-01-15,3,1733.37,returned
10119,202,9,2024-01-15,4,183.07,cancelled
10120,6,18,2024-01-15,2,12.0,completed
10121,376,30,2024-01-15,4,190.26,returned
10122,10,4,2024-01-15,3,1701.8,cancelled
10123,328,24,2024-01-15,3,108.43,completed
10124,249,9,2024-01-15,3,128.11,completed
10125,345,1,2024-01-15,3,2121.72,completed
10126,335,13,2024-01-15,4,207.46,returned
10127,467,18,2024-01-15,2,12.1,completed
10128,65,24,2024-01-16,2,73.75,completed
10129,321,2,2024-01-16,3,1194.95,completed
10130,97,18,2024-01-16,1,5.94,completed
10131,390,9,2024-01-16,2,93.05,completed
10132,174,13,2024-01-16,2,107.05,completed
10133,306,24,2024-01-16,3,107.41,returned
10134,353,10,2024-01-17,3,494.85,completed
10135,467,16,2024-01-17,2,44.72,returned
10136,280,20,2024-01-17,2,35.75,completed
10137,126,10,2024-01-17,4,689.52,cancelled
10138,393,19,2024-01-17,3,77.27,returned
10139,360,14,2024-01-17,3,419.82,completed
10140,390,23,2024-01-18,1,11.3,completed
10141,345,11,2024-01-18,2,54.21,cancelled
10142,445,7,2024-01-18,2,230.15,completed
10143,306,8,2024-01-18,1,43.66,completed
10144,92,3,2024-01-18,2,1714.33,completed
10145,10,11,2024-01-19,2,51.87,returned
10146,104,18,2024-01-19,1,5.93,returned
10147,355,1,2024-01-19,1,707.9,returned
10148,38,19,2024-01-19,2,51.1,completed
10149,221,24,2024-01-19,2,72.76,cancelled
10150,498,3,2024-01-19,2,1641.65,completed
10151,422,5,2024-01-19,1,147.94,completed
10152,296,26,2024-01-19,4,132.52,completed
10153,225,14,2024-01-19,3,413.4,returned
10154,189,29,2024-01-19,1,41.27,completed
10155,416,4,2024-01-19,1,572.4,returned
10156,203,7,2024-01-20,4,463.83,returned
10157,247,7,2024-01-20,4,509.54,completed
10158,133,15,2024-01-20,1,127.52,cancelled
10159,467,23,2024-01-20,3,32.2,completed
10160,244,1,2024-01-20,2,1460.29,completed
10161,103,13,2024-01-20,1,54.05,completed
10162,277,26,2024-01-20,4,126.13,completed
10163,205,1,2024-01-20,2,1390.98,cancelled
10164,408,3,2024-01-20,2,1635.3,completed
10165,186,6,2024-01-20,3,600.72,returned
10166,207,8,2024-01-21,1,40.39,completed
10167,409,12,2024-01-21,4,378.19,completed
10168,174,12,2024-01-21,2,186.6,completed
10169,322,8,2024-01-21,1,43.19,completed
10170,167,7,2024-01-21,4,470.31,completed
10171,418,21,2024-01-21,2,155.15,completed
10172,225,22,2024-01-22,2,41.72,completed
10173,20,2,2024-01-22,1,417.72,cancelled
10174,10,24,2024-01-22,4,139.28,cancelled
10175,372,18,2024-01-22,3,17.14,completed
10176,404,1,2024-01-22,4,2884.33,completed
10177,10,18,2024-01-22,1,5.55,completed
10178,145,29,2024-01-22,1,40.56,cancelled
10179,324,13,2024-01-23,3,150.73,completed
10180,74,21,2024-01-23,1,80.78,completed
10181,424,13,2024-01-23,2,98.71,cancelled
10182,445,6,2024-01-23,3,662.33,completed
10183,191,23,2024-01-23,3,33.92,cancelled
10184,411,4,2024-01-23,2,1115.82,returned
10185,258,23,2024-01-23,1,11.43,completed
10186,174,11,2024-01-24,4,108.83,cancelled
10187,345,19,2024-01-24,2,49.63,completed
10188,82,4,2024-01-24,2,1102.08,completed
10189,308,30,2024-01-24,1,44.57,completed
10190,494,17,2024-01-24,3,41.11,cancelled
10191,50,22,2024-01-24,3,63.36,completed
10192,390,8,2024-01-24,2,83.16,completed
10193,376,1,2024-01-24,2,1502.24,completed
10194,498,11,2024-01-24,4,103.14,completed
10195,101,16,2024-01-24,3,66.43,cancelled
10196,3,14,2024-01-24,3,394.23,returned
10197,132,13,2024-01-24,4,214.96,completed
10198,395,17,2024-01-24,4,57.65,completed
10199,306,20,2024-01-25,3,50.44,returned
10200,188,10,2024-01-25,2,322.8,completed
10201,390,20,2024-01-25,1,17.39,completed
10202,163,14,2024-01-25,2,254.95,completed
10203,133,24,2024-01-25,4,136.78,completed
10204,59,23,2024-01-25,3,31.15,completed
10205,220,25,2024-01-25,2,111.3,cancelled
10206,112,4,2024-01-25,3,1655.01,cancelled
10207,404,30,2024-01-25,1,49.5,completed
10208,345,11,2024-01-26,1,26.35,cancelled
10209,348,11,2024-01-26,1,27.63,cancelled
10210,347,12,2024-01-26,2,191.61,completed
10211,128,15,2024-01-26,1,132.86,returned
10212,463,23,2024-01-26,4,41.5,completed
10213,228,10,2024-01-26,2,322.02,completed
10214,244,12,2024-01-26,3,280.31,completed
10215,196,11,2024-01-26,4,110.14,cancelled
10216,99,30,2024-01-26,1,47.16,completed
10217,9,30,2024-01-26,1,49.31,cancelled
10218,236,20,2024-01-27,4,70.94,completed
10219,255,15,2024-01-27,3,361.63,completed
10220,376,10,2024-01-27,2,325.27,completed
10221,174,8,2024-01-27,2,81.62,completed
10222,430,15,2024-01-27,2,252.53,completed
10223,499,26,2024-01-28,1,33.47,cancelled
10224,181,7,2024-01-28,4,500.31,cancelled
10225,471,10,2024-01-28,3,495.04,completed
10226,334,7,2024-01-28,2,249.62,completed
10227,93,25,2024-01-28,2,116.78,completed
10228,10,13,2024-01-28,2,107.61,completed
10229,104,1,2024-01-28,2,1422.38,completed
10230,100,30,2024-01-28,3,147.45,cancelled
10231,443,29,2024-01-28,3,122.37,completed
10232,126,23,2024-01-29,2,21.98,completed
10233,270,14,2024-01-29,3,411.6,completed
10234,189,24,2024-01-29,2,69.75,returned
10235,66,12,2024-01-29,4,384.71,cancelled
10236,86,1,2024-01-29,1,714.51,cancelled
10237,498,20,2024-01-29,2,32.9,completed
10238,307,13,2024-01-29,4,210.85,completed
10239,210,29,2024-01-29,4,173.51,completed
10240,359,13,2024-01-30,4,214.11,cancelled
10241,425,29,2024-01-30,3,127.46,completed
10242,355,7,2024-01-30,1,121.25,cancelled
10243,260,13,2024-01-30,3,151.05,cancelled
10244,10,16,2024-01-30,3,68.51,returned
10245,142,1,2024-01-30,1,718.96,completed
10246,347,2,2024-01-30,1,392.67,completed
10247,422,4,2024-01-30,1,581.57,completed
10248,258,19,2024-01-31,3,76.89,completed
10249,133,5,2024-01-31,1,141.03,completed
10250,123,1,2024-01-31,1,717.32,cancelled
10251,426,15,2024-01-31,4,501.98,completed
10252,377,22,2024-01-31,2,41.53,completed
10253,376,3,2024-01-31,2,1666.4,cancelled
10254,260,29,2024-01-31,2,88.22,returned
10255,422,28,2024-01-31,1,30.16,completed
10256,174,25,2024-01-31,4,224.69,returned
10257,345,21,2024-01-31,1,74.2,completed
10258,183,12,2024-01-31,1,93.71,completed
10259,255,7,2024-01-31,2,253.27,completed
10260,116,14,2024-01-31,3,402.78,completed
10261,371,23,2024-01-31,1,10.98,completed
10262,494,22,2024-01-31,3,61.03,completed
10263,455,10,2024-01-31,3,482.06,completed
10264,277,8,2024-02-01,1,41.86,completed
10265,281,12,2024-02-01,1,90.47,completed
10266,326,28,2024-02-01,2,62.82,returned
10267,294,18,2024-02-01,3,17.36,returned
10268,482,3,2024-02-01,1,817.95,cancelled
10269,220,14,2024-02-01,4,533.69,completed
10270,434,2,2024-02-01,1,417.44,cancelled
10271,66,24,2024-02-01,2,67.88,returned
10272,279,23,2024-02-01,2,21.11,completed
10273,97,9,2024-02-01,3,129.63,completed
10274,196,9,2024-02-02,4,174.44,returned
10275,396,17,2024-02-02,4,58.11,returned
10276,101,22,2024-02-02,3,65.1,returned
10277,197,9,2024-02-02,1,44.59,completed
10278,43,3,2024-02-02,1,858.01,completed
10279,390,23,2024-02-02,3,32.13,completed
10280,141,30,2024-02-02,4,192.72,completed
10281,242,14,2024-02-02,1,137.23,completed
10282,174,21,2024-02-02,3,228.96,cancelled
10283,97,4,2024-02-02,2,1203.47,returned
10284,115,7,2024-02-02,3,344.95,returned
10285,92,7,2024-02-02,2,246.81,completed
10286,345,4,2024-02-02,3,1683.52,cancelled
10287,116,2,2024-02-02,3,1185.35,completed
10288,10,11,2024-02-02,4,103.6,returned
10289,443,12,2024-02-03,2,185.07,completed
10290,477,9,2024-02-03,4,175.36,completed
10291,364,16,2024-02-03,4,91.09,completed
10292,376,30,2024-02-03,3,133.73,completed
10293,413,21,2024-02-03,1,74.64,completed
10294,204,24,2024-02-03,1,34.03,completed
10295,225,28,2024-02-03,3,98.23,cancelled
10296,262,20,2024-02-03,1,16.69,returned
10297,23,24,2024-02-03,4,148.05,cancelled
10298,108,4,2024-02-03,3,1639.26,completed
10299,286,9,2024-02-03,1,42.13,completed
10300,448,4,2024-02-03,1,575.31,returned
10301,405,22,2024-02-03,1,20.21,completed
10302,174,24,2024-02-04,1,34.61,completed
10303,62,14,2024-02-04,4,550.56,completed
10304,141,21,2024-02-04,3,238.78,completed
10305,334,20,2024-02-04,1,17.36,returned
10306,116,20,2024-02-04,2,34.99,cancelled
10307,177,26,2024-02-04,1,33.96,completed
10308,213,13,2024-02-04,1,50.0,completed
10309,376,29,2024-02-04,1,42.75,completed
10310,220,11,2024-02-04,3,82.98,completed
10311,10,18,2024-02-05,2,11.33,completed
10312,410,22,2024-02-05,1,21.33,completed
10313,305,21,2024-02-05,3,224.21,cancelled
10314,367,2,2024-02-05,3,1278.34,completed
10315,482,29,2024-02-05,3,130.08,completed
10316,243,18,2024-02-05,1,5.83,cancelled
10317,51,16,2024-02-05,4,91.09,completed
10318,208,20,2024-02-05,2,32.65,completed
10319,142,25,2024-02-06,3,178.75,completed
10320,167,24,2024-02-06,1,34.7,completed
10321,390,17,2024-02-06,4,54.69,returned
10322,376,7,2024-02-06,1,115.66,cancelled
10323,98,19,2024-02-06,3,74.54,completed
10324,475,15,2024-02-06,2,240.08,returned
10325,228,5,2024-02-06,4,590.63,completed
10326,109,6,2024-02-06,4,827.1,cancelled
10327,133,8,2024-02-07,3,120.75,completed
10328,244,15,2024-02-07,2,250.39,returned
10329,10,29,2024-02-08,2,85.75,returned
10330,16,9,2024-02-08,3,139.53,returned
10331,150,10,2024-02-08,4,674.5,completed
10332,222,27,2024-02-08,1,63.29,returned
10333,197,22,2024-02-08,1,21.18,cancelled
10334,387,23,2024-02-08,3,31.82,completed
10335,334,22,2024-02-08,2,40.15,completed
10336,174,18,2024-02-08,1,5.66,returned
10337,10,8,2024-02-09,3,123.08,completed
10338,125,8,2024-02-09,2,84.82,completed
10339,485,28,2024-02-09,1,32.36,completed
10340,320,15,2024-02-10,1,123.98,returned
10341,366,25,2024-02-10,2,115.89,completed
10342,222,17,2024-02-10,3,44.0,completed
10343,340,29,2024-02-10,3,122.15,cancelled
10344,282,21,2024-02-10,3,228.61,cancelled
10345,112,13,2024-02-10,4,213.85,cancelled
10346,376,21,2024-02-11,4,316.87,returned
10347,494,2,2024-02-11,2,784.35,cancelled
10348,390,30,2024-02-11,4,192.83,completed
10349,421,19,2024-02-11,2,49.19,returned
10350,84,4,2024-02-11,2,1127.53,completed
10351,471,8,2024-02-11,3,127.4,returned
10352,56,13,2024-02-11,4,213.63,completed
10353,260,16,2024-02-11,1,23.1,completed
10354,51,28,2024-02-11,1,31.17,completed
10355,92,18,2024-02-11,3,17.85,cancelled
10356,10,9,2024-02-12,1,43.73,completed
10357,1,26,2024-02-12,1,32.96,completed
10358,139,16,2024-02-12,1,21.34,returned
10359,164,27,2024-02-12,1,65.42,completed
10360,353,12,2024-02-12,3,281.17,returned
10361,410,9,2024-02-13,3,138.49,cancelled
10362,443,28,2024-02-13,2,60.36,completed
10363,265,19,2024-02-13,4,103.76,completed
10364,282,22,2024-02-13,4,87.28,completed
10365,335,7,2024-02-13,2,249.16,completed
10366,65,7,2024-02-13,1,121.37,completed
10367,82,18,2024-02-13,3,16.85,completed
10368,384,10,2024-02-13,1,167.08,completed
10369,281,27,2024-02-14,1,62.93,returned
10370,173,4,2024-02-14,3,1678.86,completed
10371,481,25,2024-02-14,1,55.64,cancelled
10372,287,20,2024-02-14,4,68.66,returned
10373,390,29,2024-02-14,3,127.96,returned
10374,207,2,2024-02-14,2,838.46,completed
10375,279,18,2024-02-14,1,5.95,completed
10376,139,14,2024-02-14,4,529.79,returned
10377,460,4,2024-02-15,4,2358.65,completed
10378,23,4,2024-02-15,4,2252.63,returned
10379,227,26,2024-02-15,3,98.49,completed
10380,258,8,2024-02-15,1,40.37,completed
10381,437,8,2024-02-15,3,122.1,cancelled
10382,10,6,2024-02-16,1,200.98,completed
10383,422,13,2024-02-16,4,204.12,completed
10384,94,30,2024-02-16,1,47.31,completed
10385,74,18,2024-02-16,3,17.46,completed
10386,260,8,2024-02-16,3,122.97,completed
10387,221,29,2024-02-16,2,85.82,cancelled
10388,255,29,2024-02-16,3,125.02,cancelled
10389,61,4,2024-02-16,3,1750.92,completed
10390,418,25,2024-02-16,1,58.02,completed
10391,397,20,2024-02-16,4,66.21,completed
10392,258,13,2024-02-16,3,159.09,completed
10393,97,26,2024-02-16,4,130.51,completed
10394,10,4,2024-02-17,2,1111.04,cancelled
10395,142,5,2024-02-17,1,134.88,completed
10396,294,16,2024-02-17,3,68.91,returned
10397,366,20,2024-02-17,2,35.15,completed
10398,10,15,2024-02-18,1,121.95,returned
10399,439,2,2024-02-18,4,1597.05,completed
10400,340,4,2024-02-18,2,1095.66,completed
10401,480,1,2024-02-18,2,1485.5,cancelled
10402,23,20,2024-02-18,3,51.17,returned
10403,273,6,2024-02-18,2,440.67,completed
10404,273,10,2024-02-18,3,510.08,returned
10405,225,22,2024-02-19,2,42.74,cancelled
10406,76,3,2024-02-19,1,813.11,cancelled
10407,492,25,2024-02-19,2,114.59,cancelled
10408,277,11,2024-02-19,1,25.82,cancelled
10409,266,8,2024-02-19,1,39.76,cancelled
10410,376,22,2024-02-19,3,60.19,completed
10411,191,7,2024-02-19,4,464.39,returned
10412,124,13,2024-02-19,4,200.44,cancelled
10413,163,22,2024-02-19,3,62.45,returned
10414,439,18,2024-02-20,1,5.93,returned
10415,181,23,2024-02-20,1,11.34,cancelled
10416,157,18,2024-02-20,2,11.71,completed
10417,277,1,2024-02-20,2,1402.27,completed
10418,133,14,2024-02-20,1,135.44,completed
10419,194,29,2024-02-20,1,43.34,returned
10420,23,13,2024-02-20,2,105.07,completed
10421,390,10,2024-02-20,4,659.7,completed
10422,167,13,2024-02-20,2,100.29,returned
10423,19,5,2024-02-20,2,282.19,completed
10424,101,22,2024-02-20,4,86.92,completed
10425,139,6,2024-02-21,4,809.16,cancelled
10426,23,22,2024-02-21,4,85.33,completed
10427,213,2,2024-02-21,1,416.72,cancelled
10428,215,21,2024-02-21,4,315.07,completed
10429,80,25,2024-02-21,1,58.96,completed
10430,394,17,2024-02-21,4,57.4,cancelled
10431,123,28,2024-02-21,3,97.07,completed
10432,109,20,2024-02-21,4,68.39,completed
10433,70,8,2024-02-21,4,173.08,completed
10434,345,13,2024-02-22,3,158.58,completed
10435,3,15,2024-02-22,4,523.66,completed
10436,112,17,2024-02-22,3,42.21,cancelled
10437,30,7,2024-02-22,3,349.75,returned
10438,142,3,2024-02-22,2,1598.75,completed
10439,447,13,2024-02-22,4,202.01,completed
10440,285,15,2024-02-22,3,370.08,cancelled
10441,159,7,2024-02-22,4,490.04,returned
10442,334,20,2024-02-22,1,17.57,completed
10443,101,27,2024-02-22,1,62.05,completed
10444,3,20,2024-02-22,4,71.0,returned
10445,20,6,2024-02-22,4,861.31,returned
10446,10,20,2024-02-22,3,49.0,completed
10447,9,3,2024-02-22,3,2524.53,completed
10448,405,14,2024-02-23,1,134.71,returned
10449,322,11,2024-02-23,3,80.69,returned
10450,141,17,2024-02-23,3,40.25,completed
10451,97,8,2024-02-23,1,42.73,returned
10452,23,30,2024-02-23,3,139.23,completed
10453,10,11,2024-02-23,3,81.71,completed
10454,225,2,2024-02-23,3,1199.78,completed
10455,385,8,2024-02-23,1,40.42,cancelled
10456,339,14,2024-02-23,4,550.37,completed
10457,339,20,2024-02-23,3,53.36,completed
10458,29,7,2024-02-23,1,114.84,cancelled
10459,336,15,2024-02-24,1,127.5,cancelled
10460,3,13,2024-02-24,1,52.22,completed
10461,195,20,2024-02-24,4,68.0,returned
10462,10,18,2024-02-24,1,5.93,completed
10463,309,21,2024-02-24,1,78.92,completed
10464,79,29,2024-02-24,1,43.58,cancelled
10465,347,6,2024-02-24,4,800.77,completed
10466,109,26,2024-02-25,3,98.11,completed
10467,59,28,2024-02-25,4,129.28,cancelled
10468,151,17,2024-02-25,1,13.43,completed
10469,106,17,2024-02-25,2,27.45,completed
10470,101,7,2024-02-25,1,123.79,cancelled
10471,17,18,2024-02-25,1,5.52,returned
10472,222,19,2024-02-25,1,25.64,returned
10473,278,6,2024-02-25,1,218.61,completed
10474,25,7,2024-02-26,1,114.81,returned
10475,253,17,2024-02-26,4,56.96,completed
10476,159,27,2024-02-26,2,123.9,cancelled
10477,94,13,2024-02-26,3,161.97,completed
10478,108,9,2024-02-26,2,86.83,completed
10479,270,21,2024-02-26,3,235.42,completed
10480,141,28,2024-02-26,4,124.97,cancelled
10481,255,5,2024-02-26,2,270.55,cancelled
10482,297,22,2024-02-26,1,21.06,completed
10483,241,24,2024-02-26,1,36.91,returned
10484,181,15,2024-02-26,3,376.5,completed
10485,438,29,2024-02-27,4,169.99,cancelled
10486,271,26,2024-02-27,3,99.42,completed
10487,361,16,2024-02-27,3,64.0,returned
10488,333,6,2024-02-27,4,861.43,completed
10489,478,5,2024-02-27,4,557.71,cancelled
10490,28,15,2024-02-27,1,128.86,cancelled
10491,186,3,2024-02-27,1,847.7,returned
10492,10,4,2024-02-27,1,556.42,cancelled
10493,187,4,2024-02-27,3,1793.99,completed
10494,66,10,2024-02-27,4,663.37,completed
10495,188,26,2024-02-28,3,98.65,returned
10496,3,1,2024-02-28,1,700.94,cancelled
10497,372,21,2024-02-28,4,316.76,completed
10498,129,28,2024-02-28,3,90.73,returned
10499,367,27,2024-02-28,1,60.24,completed
10500,370,28,2024-02-28,4,126.79,cancelled
10501,480,11,2024-02-28,2,56.66,returned
10502,220,11,2024-02-28,3,83.03,completed
10503,103,4,2024-02-28,4,2238.42,cancelled
10504,10,14,2024-02-28,4,535.64,cancelled
10505,351,22,2024-02-28,2,41.01,cancelled
10506,309,6,2024-02-28,3,643.35,cancelled
10507,374,26,2024-02-28,3,96.21,returned
10508,4,23,2024-02-28,4,41.76,completed
10509,66,25,2024-02-28,4,217.26,completed
10510,10,5,2024-02-29,2,278.74,completed
10511,244,26,2024-02-29,1,33.21,cancelled
10512,248,29,2024-02-29,3,122.01,completed
10513,298,25,2024-02-29,4,229.8,cancelled
10514,13,17,2024-02-29,1,14.59,completed
10515,182,6,2024-02-29,4,870.52,completed
10516,365,21,2024-02-29,3,236.28,cancelled
10517,95,11,2024-02-29,4,104.46,cancelled
10518,33,17,2024-02-29,4,57.58,returned
10519,10,8,2024-02-29,4,163.73,completed
10520,24,11,2024-02-29,3,78.91,completed
10521,242,27,2024-02-29,2,121.13,completed
10522,255,15,2024-02-29,2,250.56,cancelled
10523,214,28,2024-03-01,2,61.82,returned
10524,496,23,2024-03-01,4,44.96,cancelled
10525,289,17,2024-03-01,4,53.74,completed
10526,225,9,2024-03-01,2,89.25,cancelled
10527,217,1,2024-03-01,3,2101.77,completed
10528,398,15,2024-03-01,4,512.02,completed
10529,10,6,2024-03-01,1,220.1,completed
10530,67,13,2024-03-02,2,100.94,completed
10531,390,29,2024-03-02,2,88.35,completed
10532,88,24,2024-03-02,4,140.12,completed
10533,10,12,2024-03-02,3,267.64,completed
10534,390,8,2024-03-02,2,79.42,completed
10535,10,2,2024-03-02,1,388.24,completed
10536,31,2,2024-03-02,1,408.79,completed
10537,345,28,2024-03-02,4,120.74,completed
10538,204,24,2024-03-02,2,73.62,cancelled
10539,29,19,2024-03-02,2,48.14,returned
10540,12,16,2024-03-02,3,67.7,completed
10541,369,28,2024-03-02,1,32.47,returned
10542,390,25,2024-03-02,1,57.94,completed
10543,365,8,2024-03-02,3,125.48,returned
10544,404,3,2024-03-03,4,3387.5,cancelled
10545,19,11,2024-03-03,4,104.47,completed
10546,494,25,2024-03-03,2,108.57,returned
10547,297,6,2024-03-03,3,658.44,cancelled
10548,273,20,2024-03-03,3,48.99,completed
10549,98,5,2024-03-03,2,284.89,returned
10550,322,28,2024-03-03,2,61.47,cancelled
10551,454,26,2024-03-03,2,66.0,completed
10552,345,30,2024-03-03,2,93.52,cancelled
10553,28,20,2024-03-04,4,69.21,completed
10554,260,8,2024-03-04,3,127.95,completed
10555,98,11,2024-03-04,1,27.09,completed
10556,188,27,2024-03-04,4,246.57,completed
10557,485,12,2024-03-04,2,188.96,completed
10558,174,4,2024-03-04,4,2258.11,completed
10559,371,13,2024-03-04,4,214.84,completed
10560,42,5,2024-03-04,4,576.29,completed
10561,476,13,2024-03-05,2,101.18,cancelled
10562,66,9,2024-03-05,1,44.28,cancelled
10563,453,28,2024-03-05,2,65.92,returned
10564,10,6,2024-03-05,4,825.76,completed
10565,164,5,2024-03-05,1,137.74,completed
10566,390,18,2024-03-05,2,11.57,completed
10567,288,12,2024-03-06,2,177.73,completed
10568,454,16,2024-03-06,2,42.65,returned
10569,390,22,2024-03-06,2,42.33,completed
10570,422,16,2024-03-06,2,46.1,returned
10571,194,5,2024-03-06,4,579.38,returned
10572,94,30,2024-03-06,3,134.91,completed
10573,404,24,2024-03-06,1,36.33,completed
10574,413,27,2024-03-06,3,192.2,returned
10575,45,17,2024-03-06,2,29.35,completed
10576,57,18,2024-03-06,3,17.11,completed
10577,158,12,2024-03-06,4,367.74,completed
10578,273,5,2024-03-06,3,428.15,completed
10579,38,2,2024-03-06,1,420.68,completed
10580,181,6,2024-03-06,3,618.02,cancelled
10581,312,12,2024-03-07,4,370.73,cancelled
10582,40,13,2024-03-07,2,107.34,completed
10583,182,2,2024-03-07,3,1216.9,cancelled
10584,345,16,2024-03-07,2,45.67,completed
10585,477,28,2024-03-07,2,60.3,completed
10586,384,16,2024-03-07,1,22.17,cancelled
10587,277,14,2024-03-07,4,524.16,cancelled
10588,124,14,2024-03-08,4,514.56,returned
10589,427,1,2024-03-08,3,2125.4,returned
10590,6,8,2024-03-08,4,175.3,completed
10591,449,15,2024-03-08,1,132.42,cancelled
10592,314,26,2024-03-08,4,126.89,cancelled
10593,200,25,2024-03-08,4,217.89,completed
10594,191,30,2024-03-08,1,49.37,returned
10595,471,5,2024-03-09,1,143.92,returned
10596,414,14,2024-03-09,3,384.04,completed
10597,214,14,2024-03-09,3,384.58,cancelled
10598,281,29,2024-03-09,2,82.95,completed
10599,319,7,2024-03-09,2,240.42,returned
10600,85,5,2024-03-09,2,270.16,returned
10601,242,26,2024-03-09,3,95.97,completed
10602,170,6,2024-03-09,2,403.42,completed
10603,56,14,2024-03-09,2,268.07,returned
10604,322,15,2024-03-09,4,500.06,cancelled
10605,364,11,2024-03-09,3,82.73,cancelled
10606,277,22,2024-03-09,4,85.23,completed
10607,87,19,2024-03-10,4,103.72,cancelled
10608,200,22,2024-03-10,1,21.8,completed
10609,255,21,2024-03-10,4,318.77,returned
10610,321,19,2024-03-10,3,78.1,completed
10611,345,13,2024-03-10,4,217.4,completed
10612,345,8,2024-03-10,1,40.64,cancelled
10613,57,9,2024-03-10,4,179.77,cancelled
10614,10,20,2024-03-10,1,16.68,completed
10615,46,1,2024-03-10,2,1461.85,completed
10616,82,1,2024-03-10,4,2767.21,completed
10617,121,20,2024-03-11,2,33.25,completed
10618,368,30,2024-03-11,3,135.27,completed
10619,23,3,2024-03-11,3,2380.86,completed
10620,10,2,2024-03-11,1,396.81,cancelled
10621,236,10,2024-03-11,3,524.33,completed
10622,384,13,2024-03-11,2,105.33,completed
10623,10,1,2024-03-11,1,715.08,completed
10624,114,16,2024-03-11,4,89.64,completed
10625,436,21,2024-03-11,3,221.43,returned
10626,371,10,2024-03-11,3,485.38,completed
10627,358,10,2024-03-11,2,320.14,returned
10628,380,16,2024-03-12,2,43.48,completed
10629,242,19,2024-03-12,2,50.95,completed
10630,124,9,2024-03-12,2,89.02,completed
10631,66,20,2024-03-12,2,34.13,completed
10632,291,19,2024-03-12,4,104.86,completed
10633,23,6,2024-03-12,4,816.71,completed
10634,390,18,2024-03-12,4,22.91,completed
10635,188,3,2024-03-12,4,3405.33,completed
10636,335,7,2024-03-12,3,348.53,returned
10637,153,27,2024-03-12,4,237.77,completed
10638,244,26,2024-03-13,2,64.82,cancelled
10639,23,16,2024-03-13,2,46.18,completed
10640,138,10,2024-03-13,1,160.65,cancelled
10641,357,18,2024-03-13,1,6.07,cancelled
10642,180,2,2024-03-13,2,786.58,completed
10643,23,2,2024-03-13,4,1622.56,completed
10644,281,14,2024-03-14,2,261.95,returned
10645,137,26,2024-03-14,1,31.56,cancelled
10646,10,18,2024-03-14,4,24.01,completed
10647,500,23,2024-03-14,1,10.64,cancelled
10648,421,16,2024-03-14,3,67.6,cancelled
10649,372,29,2024-03-15,3,126.44,completed
10650,186,13,2024-03-15,3,163.85,completed
10651,241,30,2024-03-15,1,46.43,cancelled
10652,365,1,2024-03-15,3,2111.01,cancelled
10653,131,24,2024-03-15,4,137.45,completed
10654,221,29,2024-03-15,4,165.12,completed
10655,348,11,2024-03-15,2,51.71,completed
10656,387,25,2024-03-15,1,55.57,returned
10657,31,15,2024-03-16,2,245.54,returned
10658,346,30,2024-03-16,1,47.79,cancelled
10659,284,5,2024-03-16,4,538.36,completed
10660,342,2,2024-03-16,1,387.73,returned
10661,31,28,2024-03-16,4,128.36,completed
10662,174,14,2024-03-16,2,253.53,returned
10663,273,4,2024-03-16,2,1179.05,cancelled
10664,120,28,2024-03-17,3,96.49,returned
10665,352,9,2024-03-17,4,186.14,completed
10666,224,16,2024-03-17,1,22.61,returned
10667,215,26,2024-03-17,4,132.75,returned
10668,413,17,2024-03-17,2,27.99,completed
10669,10,30,2024-03-17,2,98.58,returned
10670,211,5,2024-03-17,1,139.69,cancelled
10671,10,2,2024-03-17,1,387.72,returned
10672,340,6,2024-03-18,4,856.97,completed
10673,316,1,2024-03-18,1,720.87,cancelled
10674,411,29,2024-03-18,4,172.07,completed
10675,277,6,2024-03-18,3,607.94,returned
10676,467,8,2024-03-18,3,125.05,completed
10677,174,20,2024-03-18,3,49.64,completed
10678,248,3,2024-03-18,4,3418.98,cancelled
10679,36,6,2024-03-18,3,629.91,completed
10680,183,14,2024-03-18,4,528.27,completed
10681,281,22,2024-03-18,1,20.23,completed
10682,371,1,2024-03-18,4,2991.68,completed
10683,222,28,2024-03-18,1,32.19,cancelled
10684,389,15,2024-03-19,4,508.36,completed
10685,421,30,2024-03-19,4,190.88,completed
10686,288,6,2024-03-19,1,218.33,cancelled
10687,241,10,2024-03-19,3,500.26,completed
10688,141,14,2024-03-19,2,265.27,completed
10689,422,22,2024-03-19,1,21.44,returned
10690,56,11,2024-03-19,1,26.16,returned
10691,133,14,2024-03-20,3,405.69,completed
10692,174,11,2024-03-20,3,81.15,completed
10693,355,28,2024-03-20,4,132.48,completed
10694,14,26,2024-03-20,2,67.76,cancelled
10695,10,30,2024-03-20,3,133.83,completed
10696,241,20,2024-03-20,1,17.83,completed
10697,390,30,2024-03-20,1,46.44,cancelled
10698,346,3,2024-03-20,4,3162.89,completed
10699,83,25,2024-03-20,4,227.12,cancelled
10700,181,28,2024-03-20,4,122.23,completed
10701,3,22,2024-03-20,2,42.04,completed
10702,25,23,2024-03-20,3,34.13,cancelled
10703,308,26,2024-03-20,4,127.8,returned
10704,322,17,2024-03-20,3,43.09,completed
10705,127,20,2024-03-20,2,34.4,completed
10706,262,7,2024-03-21,4,488.32,cancelled
10707,214,23,2024-03-21,1,10.53,cancelled
10708,201,9,2024-03-21,2,84.09,completed
10709,10,16,2024-03-21,2,45.24,returned
10710,372,16,2024-03-21,3,64.32,completed
10711,445,23,2024-03-21,1,10.58,cancelled
10712,321,9,2024-03-21,4,178.43,completed
10713,23,5,2024-03-21,4,576.26,cancelled
10714,240,17,2024-03-21,3,43.09,completed
10715,439,18,2024-03-21,2,11.86,completed
10716,10,16,2024-03-21,3,69.54,cancelled
10717,345,9,2024-03-21,1,44.44,completed
10718,386,21,2024-03-21,1,75.17,cancelled
10719,422,11,2024-03-21,2,52.26,completed
10720,16,19,2024-03-22,1,25.26,completed
10721,10,10,2024-03-22,1,170.88,completed
10722,426,2,2024-03-22,4,1570.15,completed
10723,150,17,2024-03-22,1,14.61,completed
10724,10,2,2024-03-22,4,1631.29,completed
10725,41,12,2024-03-23,4,350.48,completed
10726,376,14,2024-03-23,4,525.68,cancelled
10727,334,20,2024-03-23,2,35.91,cancelled
10728,308,28,2024-03-23,1,32.67,completed
10729,92,5,2024-03-23,4,538.17,returned
10730,122,19,2024-03-23,4,95.44,completed
10731,455,10,2024-03-23,2,328.03,completed
10732,304,30,2024-03-24,1,46.58,completed
10733,471,2,2024-03-24,4,1697.49,returned
10734,153,28,2024-03-24,3,95.5,returned
10735,353,12,2024-03-24,1,94.73,completed
10736,259,1,2024-03-24,3,2151.11,completed
10737,244,7,2024-03-24,4,463.63,returned
10738,224,1,2024-03-24,1,699.34,returned
10739,141,4,2024-03-24,1,548.22,returned
10740,167,30,2024-03-24,2,97.08,completed
10741,139,30,2024-03-25,1,46.17,returned
10742,296,26,2024-03-25,2,63.49,completed
10743,10,28,2024-03-25,2,65.57,cancelled
10744,482,9,2024-03-25,4,178.11,cancelled
10745,242,22,2024-03-25,1,21.95,completed
10746,161,30,2024-03-25,3,141.29,returned
10747,55,2,2024-03-25,2,773.09,completed
10748,23,16,2024-03-25,1,23.25,completed
10749,344,26,2024-03-25,4,124.69,completed
10750,10,1,2024-03-25,1,690.21,completed
10751,376,8,2024-03-25,3,129.4,completed
10752,66,10,2024-03-25,4,636.46,cancelled
10753,492,8,2024-03-25,4,175.15,returned
10754,376,7,2024-03-25,4,467.99,completed
10755,13,9,2024-03-26,2,92.51,completed
10756,85,27,2024-03-26,4,256.15,completed
10757,339,30,2024-03-26,4,180.8,cancelled
10758,226,25,2024-03-26,2,114.36,completed
10759,23,9,2024-03-26,2,84.92,completed
10760,3,19,2024-03-26,1,26.26,completed
10761,13,4,2024-03-27,1,572.8,cancelled
10762,421,3,2024-03-27,3,2328.75,returned
10763,10,14,2024-03-27,3,415.84,completed
10764,299,25,2024-03-27,1,59.06,completed
10765,10,20,2024-03-27,2,33.08,returned
10766,289,19,2024-03-27,1,25.84,completed
10767,104,27,2024-03-27,2,125.8,returned
10768,368,11,2024-03-27,3,84.36,completed
10769,348,11,2024-03-27,4,111.04,completed
10770,112,6,2024-03-27,4,806.81,completed
10771,126,11,2024-03-28,1,27.71,completed
10772,277,6,2024-03-28,4,825.28,completed
10773,10,30,2024-03-28,3,143.38,completed
10774,443,9,2024-03-28,4,174.49,returned
10775,472,7,2024-03-28,1,119.66,completed
10776,281,20,2024-03-28,2,34.28,completed
10777,150,9,2024-03-28,4,178.91,completed
10778,225,29,2024-03-28,2,81.3,completed
10779,390,3,2024-03-28,4,3309.94,completed
10780,341,19,2024-03-29,1,26.09,cancelled
10781,265,5,2024-03-29,1,146.81,completed
10782,244,26,2024-03-29,2,67.07,completed
10783,51,4,2024-03-29,2,1176.94,completed
10784,10,13,2024-03-29,3,155.31,completed
10785,126,14,2024-03-29,4,521.62,returned
10786,82,21,2024-03-29,4,296.11,completed
10787,191,26,2024-03-29,1,32.23,cancelled
10788,255,8,2024-03-29,3,128.16,completed
10789,57,1,2024-03-30,2,1469.76,completed
10790,66,20,2024-03-30,4,68.91,completed
10791,178,20,2024-03-30,4,67.22,completed
10792,371,21,2024-03-30,4,314.93,completed
10793,407,1,2024-03-30,2,1461.96,cancelled
10794,419,6,2024-03-30,2,440.35,returned
10795,293,15,2024-03-30,1,127.71,completed
10796,244,12,2024-03-30,1,89.47,completed
10797,426,16,2024-03-31,4,83.79,completed
10798,135,25,2024-03-31,4,218.6,completed
10799,396,6,2024-03-31,2,400.65,returned
10800,127,16,2024-03-31,4,86.5,completed
10801,255,3,2024-03-31,3,2330.45,cancelled
10802,10,19,2024-03-31,1,24.44,completed
10803,259,10,2024-03-31,3,513.8,cancelled
10804,438,27,2024-03-31,4,257.78,completed
10805,472,16,2024-03-31,1,22.55,cancelled
10806,120,10,2024-04-01,4,683.97,returned
10807,82,1,2024-04-01,1,716.83,completed
10808,288,29,2024-04-01,4,171.66,cancelled
10809,49,29,2024-04-01,1,42.29,returned
10810,266,27,2024-04-01,1,61.89,returned
10811,399,16,2024-04-02,4,84.29,cancelled
10812,181,24,2024-04-02,2,69.59,completed
10813,89,21,2024-04-02,4,317.32,cancelled
10814,144,21,2024-04-02,2,154.17,cancelled
10815,495,18,2024-04-02,3,16.54,completed
10816,461,16,2024-04-02,3,64.57,completed
10817,5,29,2024-04-02,2,88.15,cancelled
10818,10,4,2024-04-02,2,1156.9,completed
10819,240,17,2024-04-02,2,28.3,cancelled
10820,295,20,2024-04-02,1,17.25,completed
10821,3,6,2024-04-02,4,811.27,cancelled
10822,351,9,2024-04-03,1,45.84,returned
10823,207,10,2024-04-03,2,327.41,completed
10824,103,28,2024-04-03,2,62.25,completed
10825,376,8,2024-04-03,2,81.89,completed
10826,139,21,2024-04-03,3,243.37,completed
10827,124,28,2024-04-03,2,66.08,completed
10828,414,30,2024-04-03,1,44.84,cancelled
10829,10,12,2024-04-03,4,382.07,completed
10830,138,9,2024-04-03,1,43.42,completed
10831,241,29,2024-04-03,4,165.01,completed
10832,455,29,2024-04-03,3,124.21,completed
10833,231,27,2024-04-03,3,187.69,completed
10834,262,6,2024-04-03,2,413.04,completed
10835,2,23,2024-04-03,1,11.36,completed
10836,334,18,2024-04-04,3,16.95,returned
10837,298,27,2024-04-04,4,239.51,cancelled
10838,455,22,2024-04-04,1,20.38,returned
10839,447,1,2024-04-04,4,2761.57,completed
10840,307,17,2024-04-04,4,57.74,cancelled
10841,141,17,2024-04-04,4,54.77,completed
10842,133,5,2024-04-04,1,139.68,returned
10843,104,9,2024-04-04,1,42.72,completed
10844,268,5,2024-04-04,3,411.23,returned
10845,227,6,2024-04-05,3,606.26,cancelled
10846,125,20,2024-04-05,4,66.96,returned
10847,443,9,2024-04-05,1,44.69,returned
10848,86,10,2024-04-05,4,657.43,completed
10849,247,20,2024-04-05,3,50.51,completed
10850,133,3,2024-04-05,4,3199.45,completed
10851,124,10,2024-04-05,3,486.09,completed
10852,272,2,2024-04-05,2,816.78,completed
10853,10,28,2024-04-06,3,90.95,completed
10854,422,4,2024-04-06,2,1108.21,completed
10855,82,11,2024-04-06,2,55.74,completed
10856,376,25,2024-04-06,2,117.17,cancelled
10857,333,21,2024-04-06,2,157.68,returned
10858,106,16,2024-04-06,2,43.24,completed
10859,27,7,2024-04-06,3,378.55,returned
10860,255,21,2024-04-06,2,149.23,cancelled
10861,477,14,2024-04-06,1,128.1,cancelled
10862,422,7,2024-04-06,1,118.46,completed
10863,345,27,2024-04-06,3,191.75,completed
10864,92,29,2024-04-07,4,163.44,completed
10865,83,22,2024-04-07,2,43.1,returned
10866,403,17,2024-04-07,3,41.1,completed
10867,465,5,2024-04-07,1,135.18,completed
10868,120,3,2024-04-07,4,3097.85,completed
10869,342,7,2024-04-07,2,248.44,returned
10870,247,16,2024-04-07,1,22.51,cancelled
10871,445,8,2024-04-07,1,40.54,completed
10872,458,29,2024-04-07,1,41.31,completed
10873,372,29,2024-04-08,4,179.11,cancelled
10874,390,2,2024-04-08,1,420.63,completed
10875,23,18,2024-04-08,1,6.08,cancelled
10876,345,25,2024-04-08,4,229.53,completed
10877,220,17,2024-04-08,2,27.78,completed
10878,428,23,2024-04-08,3,33.92,completed
10879,255,20,2024-04-08,1,18.05,completed
10880,183,30,2024-04-09,3,138.97,completed
10881,10,25,2024-04-09,1,59.91,returned
10882,335,1,2024-04-09,3,2242.98,completed
10883,197,30,2024-04-09,2,92.92,cancelled
10884,10,14,2024-04-09,1,129.28,returned
10885,208,12,2024-04-09,2,178.53,returned
10886,126,8,2024-04-09,4,167.18,completed
10887,274,4,2024-04-10,1,596.44,completed
10888,14,29,2024-04-10,1,42.33,completed
10889,445,5,2024-04-10,3,417.55,completed
10890,345,12,2024-04-10,3,287.97,completed
10891,82,4,2024-04-10,1,559.53,completed
10892,139,9,2024-04-10,4,184.76,returned
10893,10,9,2024-04-10,1,43.73,completed
10894,439,2,2024-04-10,4,1645.07,returned
10895,376,19,2024-04-11,3,78.64,completed
10896,5,23,2024-04-11,3,34.5,cancelled
10897,199,12,2024-04-11,4,375.18,cancelled
10898,172,25,2024-04-11,2,118.75,completed
10899,438,16,2024-04-11,2,44.35,completed
10900,174,23,2024-04-11,2,22.31,returned
10901,304,21,2024-04-11,2,162.46,cancelled
10902,176,1,2024-04-11,2,1421.63,completed
10903,10,1,2024-04-11,3,2213.14,completed
10904,14,24,2024-04-11,4,141.14,returned
10905,241,2,2024-04-11,3,1262.97,cancelled
10906,251,12,2024-04-11,2,186.09,completed
10907,315,24,2024-04-11,4,148.76,cancelled
10908,279,29,2024-04-11,2,85.82,completed
10909,364,13,2024-04-11,3,160.34,completed
10910,451,7,2024-04-11,3,346.18,completed
10911,294,26,2024-04-12,2,66.03,completed
10912,412,4,2024-04-12,1,552.44,completed
10913,242,1,2024-04-12,1,756.73,cancelled
10914,434,7,2024-04-12,1,115.16,completed
10915,194,16,2024-04-12,2,46.13,returned
10916,208,13,2024-04-12,2,104.84,cancelled
10917,345,17,2024-04-12,2,26.71,completed
10918,208,22,2024-04-12,4,84.57,completed
10919,351,2,2024-04-13,3,1249.32,completed
10920,29,20,2024-04-13,3,49.11,completed
10921,220,12,2024-04-13,2,177.91,completed
10922,10,24,2024-04-13,4,149.15,cancelled
10923,38,7,2024-04-13,3,367.82,completed
10924,77,2,2024-04-13,2,804.38,completed
10925,92,13,2024-04-13,1,51.56,completed
10926,10,13,2024-04-14,1,52.56,completed
10927,321,5,2024-04-14,3,409.86,returned
10928,92,24,2024-04-14,3,102.68,completed
10929,391,26,2024-04-14,2,63.93,cancelled
10930,350,17,2024-04-14,3,43.93,completed
10931,242,24,2024-04-14,1,35.79,completed
10932,277,13,2024-04-14,4,213.61,completed
10933,357,7,2024-04-14,1,117.0,completed
10934,409,12,2024-04-15,2,179.56,completed
10935,244,19,2024-04-15,4,101.8,returned
10936,481,21,2024-04-15,1,77.82,completed
10937,399,25,2024-04-15,2,114.2,completed
10938,126,29,2024-04-15,1,44.52,completed
10939,241,8,2024-04-15,1,42.05,cancelled
10940,10,23,2024-04-16,2,21.39,completed
10941,66,24,2024-04-16,2,71.05,cancelled
10942,51,1,2024-04-16,4,3030.67,returned
10943,10,29,2024-04-16,1,41.29,completed
10944,462,1,2024-04-16,2,1429.27,cancelled
10945,281,28,2024-04-16,1,30.7,completed
10946,187,24,2024-04-17,3,111.72,completed
10947,350,29,2024-04-17,1,44.06,returned
10948,285,29,2024-04-17,2,84.14,cancelled
10949,47,17,2024-04-17,2,28.26,cancelled
10950,10,19,2024-04-17,1,25.75,completed
10951,438,29,2024-04-17,1,41.06,cancelled
10952,122,11,2024-04-17,4,111.65,returned
10953,436,13,2024-04-17,1,53.54,returned
10954,134,6,2024-04-17,4,813.09,cancelled
10955,53,28,2024-04-17,2,61.94,cancelled
10956,100,11,2024-04-17,3,83.28,completed
10957,353,29,2024-04-17,4,175.43,returned
10958,410,9,2024-04-18,2,90.45,completed
10959,455,30,2024-04-18,2,90.56,completed
10960,454,4,2024-04-18,4,2301.87,cancelled
10961,66,18,2024-04-18,3,18.07,completed
10962,295,12,2024-04-18,2,177.2,completed
10963,421,2,2024-04-18,4,1632.27,completed
10964,10,6,2024-04-18,1,216.12,completed
10965,270,12,2024-04-18,1,93.97,completed
10966,285,21,2024-04-18,4,309.95,returned
10967,112,21,2024-04-19,4,295.14,cancelled
10968,87,11,2024-04-19,3,79.68,completed
10969,129,20,2024-04-19,4,65.37,returned
10970,23,8,2024-04-19,4,175.69,returned
10971,186,5,2024-04-19,2,278.48,cancelled
10972,298,6,2024-04-19,2,413.72,completed
10973,351,20,2024-04-19,3,54.09,completed
10974,376,26,2024-04-19,4,135.9,completed
10975,279,10,2024-04-19,3,509.57,completed
10976,197,26,2024-04-20,1,33.86,completed
10977,241,24,2024-04-20,2,72.56,completed
10978,272,28,2024-04-20,1,32.1,completed
10979,188,22,2024-04-20,3,61.36,returned
10980,26,18,2024-04-20,3,17.29,returned
10981,410,19,2024-04-20,2,51.22,completed
10982,116,10,2024-04-20,1,165.39,completed
10983,445,29,2024-04-20,2,86.4,cancelled
10984,359,12,2024-04-20,4,375.31,cancelled
10985,371,12,2024-04-20,3,264.68,returned
10986,95,11,2024-04-20,4,110.3,cancelled
10987,390,6,2024-04-20,4,884.46,completed
10988,422,10,2024-04-20,3,503.83,cancelled
10989,241,10,2024-04-20,1,171.44,completed
10990,412,1,2024-04-20,1,764.61,returned
10991,178,27,2024-04-21,1,61.38,returned
10992,93,4,2024-04-21,3,1716.63,completed
10993,333,20,2024-04-21,3,49.86,cancelled
10994,480,22,2024-04-21,1,20.03,completed
10995,255,17,2024-04-21,1,14.21,completed
10996,308,14,2024-04-21,2,258.12,returned
10997,281,23,2024-04-21,1,11.18,completed
10998,369,6,2024-04-21,4,836.32,completed
10999,10,24,2024-04-21,2,69.06,completed
11000,393,19,2024-04-22,4,101.38,returned
11001,258,2,2024-04-22,2,773.92,completed
11002,423,28,2024-04-22,2,60.37,completed
11003,380,10,2024-04-22,4,655.17,completed
11004,92,2,2024-04-22,1,407.65,completed
11005,87,6,2024-04-22,1,219.07,completed
11006,458,6,2024-04-22,4,833.16,completed
11007,279,27,2024-04-22,2,131.41,completed
11008,384,14,2024-04-22,3,391.42,returned
11009,282,22,2024-04-22,2,41.13,completed
11010,204,12,2024-04-22,2,175.43,cancelled
11011,198,22,2024-04-23,1,21.09,cancelled
11012,49,17,2024-04-23,3,42.96,completed
11013,167,23,2024-04-23,1,11.03,returned
11014,484,18,2024-04-23,3,17.68,returned
11015,263,4,2024-04-23,2,1144.96,returned
11016,145,4,2024-04-23,3,1762.4,cancelled
11017,10,12,2024-04-23,3,280.07,returned
11018,127,28,2024-04-23,1,30.14,completed
11019,10,2,2024-04-23,1,399.51,returned
11020,67,28,2024-04-23,3,95.62,cancelled
11021,41,2,2024-04-24,4,1602.49,completed
11022,10,18,2024-04-24,1,5.85,cancelled
11023,273,30,2024-04-24,2,95.29,cancelled
11024,472,21,2024-04-24,2,150.32,cancelled
11025,64,12,2024-04-24,3,282.19,returned
11026,55,30,2024-04-24,4,186.79,completed
11027,282,3,2024-04-25,3,2401.18,returned
11028,10,13,2024-04-25,4,205.96,returned
11029,10,24,2024-04-25,3,111.05,completed
11030,301,12,2024-04-25,4,379.15,completed
11031,424,20,2024-04-25,1,17.9,completed
11032,255,14,2024-04-25,2,270.75,completed
11033,438,26,2024-04-25,1,32.24,returned
11034,368,4,2024-04-25,4,2213.72,completed
11035,316,12,2024-04-25,4,361.2,completed
11036,451,3,2024-04-25,1,813.31,returned
11037,334,22,2024-04-26,2,43.87,completed
11038,241,24,2024-04-26,3,109.6,cancelled
11039,281,23,2024-04-26,2,21.45,cancelled
11040,398,29,2024-04-26,3,125.32,completed
11041,10,21,2024-04-26,4,320.35,completed
11042,127,22,2024-04-26,3,63.25,cancelled
11043,16,6,2024-04-26,3,633.71,completed
11044,442,24,2024-04-26,1,34.61,completed
11045,201,1,2024-04-26,3,2234.33,completed
11046,200,17,2024-04-26,1,14.4,returned
11047,346,28,2024-04-27,1,32.31,completed
11048,224,17,2024-04-27,3,44.06,returned
11049,241,11,2024-04-27,3,82.4,completed
11050,478,21,2024-04-27,3,231.99,completed
11051,57,19,2024-04-27,1,26.11,completed
11052,76,5,2024-04-27,4,572.79,completed
11053,279,17,2024-04-27,3,41.49,completed
11054,32,17,2024-04-28,2,27.59,cancelled
11055,273,15,2024-04-28,4,500.57,completed
11056,434,27,2024-04-28,1,64.99,completed
11057,10,19,2024-04-28,1,26.21,completed
11058,353,7,2024-04-28,2,241.41,returned
11059,330,4,2024-04-28,2,1189.85,completed
11060,10,19,2024-04-28,1,24.12,completed
11061,213,6,2024-04-28,4,856.11,completed
11062,104,7,2024-04-28,2,253.89,returned
11063,222,20,2024-04-28,3,53.25,completed
11064,455,27,2024-04-29,3,187.98,completed
11065,97,12,2024-04-29,4,384.56,completed
11066,1,3,2024-04-29,3,2492.56,completed
11067,89,3,2024-04-29,2,1685.24,completed
11068,376,19,2024-04-29,4,99.1,returned
11069,259,25,2024-04-29,2,111.09,returned
11070,404,8,2024-04-29,3,119.77,cancelled
11071,270,12,2024-04-29,4,379.93,completed
11072,94,27,2024-04-29,4,243.09,completed
11073,327,21,2024-04-29,3,223.0,returned
11074,304,22,2024-04-29,2,40.99,returned
11075,435,5,2024-04-29,3,417.41,completed
11076,142,26,2024-04-29,3,100.59,completed
11077,467,24,2024-04-30,2,73.96,cancelled
11078,139,7,2024-04-30,2,229.65,returned
11079,198,21,2024-04-30,1,78.43,returned
11080,38,15,2024-04-30,2,261.63,cancelled
11081,279,24,2024-04-30,3,108.7,returned
11082,357,17,2024-04-30,1,14.25,completed
11083,10,10,2024-04-30,2,339.55,returned
11084,496,15,2024-04-30,3,384.87,completed
11085,301,2,2024-04-30,3,1220.49,completed
11086,434,27,2024-05-01,3,195.92,cancelled
11087,471,22,2024-05-01,3,65.83,cancelled
11088,315,12,2024-05-01,3,265.69,cancelled
11089,484,2,2024-05-01,4,1578.45,completed
11090,281,3,2024-05-01,1,792.08,completed
11091,82,8,2024-05-01,1,39.84,completed
11092,103,4,2024-05-01,4,2251.12,returned
11093,59,6,2024-05-01,4,859.85,completed
11094,108,15,2024-05-01,4,498.62,completed
11095,376,14,2024-05-02,2,259.5,cancelled
11096,157,19,2024-05-02,1,24.14,completed
11097,228,10,2024-05-02,3,509.32,completed
11098,222,23,2024-05-02,3,34.09,cancelled
11099,58,10,2024-05-02,4,695.13,returned
11100,45,7,2024-05-02,4,499.54,completed
11101,484,20,2024-05-02,2,33.43,completed
11102,138,6,2024-05-02,3,629.28,returned
11103,284,27,2024-05-02,3,192.27,completed
11104,65,18,2024-05-02,1,6.01,completed
11105,220,30,2024-05-02,3,140.13,completed
11106,3,27,2024-05-02,3,191.73,returned
11107,339,26,2024-05-03,1,33.09,completed
11108,9,24,2024-05-03,4,148.17,completed
11109,399,17,2024-05-03,4,57.94,completed
11110,271,16,2024-05-03,1,22.44,completed
11111,10,9,2024-05-03,1,44.25,returned
11112,291,20,2024-05-03,3,54.07,returned
11113,390,13,2024-05-03,4,216.73,returned
11114,10,26,2024-05-03,3,100.64,returned
11115,45,24,2024-05-04,2,73.42,completed
11116,417,13,2024-05-04,2,106.63,completed
11117,10,24,2024-05-04,3,106.15,returned
11118,295,25,2024-05-04,1,56.04,completed
11119,471,21,2024-05-04,1,78.44,returned
11120,10,24,2024-05-04,3,111.11,completed
11121,458,28,2024-05-04,4,123.23,cancelled
11122,141,30,2024-05-04,3,143.19,returned
11123,279,28,2024-05-05,1,31.17,completed
11124,339,3,2024-05-05,4,3422.31,completed
11125,412,8,2024-05-05,3,122.31,completed
11126,51,9,2024-05-05,2,84.66,completed
11127,10,9,2024-05-05,2,91.0,completed
11128,190,12,2024-05-05,1,91.15,completed
11129,255,16,2024-05-06,3,63.22,completed
11130,277,29,2024-05-06,3,122.41,completed
11131,112,22,2024-05-06,1,20.1,returned
11132,381,4,2024-05-06,4,2172.19,completed
11133,7,16,2024-05-06,3,69.1,returned
11134,222,10,2024-05-06,1,171.78,cancelled
11135,198,23,2024-05-07,1,11.18,completed
11136,242,18,2024-05-07,4,22.24,returned
11137,414,1,2024-05-07,4,2963.07,cancelled
11138,10,9,2024-05-07,4,185.41,returned
11139,279,20,2024-05-07,4,69.55,completed
11140,419,8,2024-05-07,3,122.32,cancelled
11141,20,22,2024-05-07,2,40.55,completed
11142,103,6,2024-05-07,2,423.75,cancelled
11143,345,2,2024-05-07,4,1715.29,cancelled
11144,352,2,2024-05-07,3,1273.23,returned
11145,475,1,2024-05-07,1,760.08,returned
11146,236,19,2024-05-07,2,51.23,completed
11147,176,27,2024-05-08,1,64.48,cancelled
11148,270,22,2024-05-08,1,20.95,completed
11149,139,1,2024-05-08,1,737.9,completed
11150,334,19,2024-05-08,1,24.75,completed
11151,333,15,2024-05-08,1,127.3,completed
11152,478,18,2024-05-08,2,11.55,returned
11153,462,15,2024-05-08,2,257.31,completed
11154,371,9,2024-05-08,4,175.98,completed
11155,45,18,2024-05-08,4,23.44,cancelled
11156,295,21,2024-05-09,3,228.58,returned
11157,10,14,2024-05-09,4,551.76,returned
11158,439,26,2024-05-09,1,34.39,returned
11159,98,22,2024-05-09,3,63.84,completed
11160,497,20,2024-05-09,4,71.86,completed
11161,84,3,2024-05-09,4,3291.5,completed
11162,426,9,2024-05-09,1,43.38,completed
11163,307,23,2024-05-09,1,10.61,returned
11164,347,11,2024-05-09,1,26.75,completed
11165,260,16,2024-05-09,3,69.68,returned
11166,194,30,2024-05-09,1,45.8,returned
11167,454,30,2024-05-09,3,142.12,cancelled
11168,10,1,2024-05-09,1,689.87,cancelled
11169,347,1,2024-05-09,2,1425.3,completed
11170,282,25,2024-05-09,2,109.71,cancelled
11171,277,2,2024-05-09,3,1259.39,cancelled
11172,390,17,2024-05-09,1,14.32,completed
11173,417,8,2024-05-10,2,83.04,returned
11174,458,2,2024-05-10,2,792.4,completed
11175,300,11,2024-05-10,3,79.53,completed
11176,128,5,2024-05-10,1,146.32,completed
11177,376,15,2024-05-10,3,384.24,completed
11178,396,29,2024-05-10,4,167.46,cancelled
11179,48,24,2024-05-11,2,73.02,completed
11180,273,13,2024-05-11,3,158.38,completed
11181,11,13,2024-05-11,1,50.48,cancelled
11182,30,2,2024-05-11,1,399.26,completed
11183,163,12,2024-05-11,1,93.44,returned
11184,386,27,2024-05-11,4,250.78,completed
11185,101,1,2024-05-12,1,704.19,completed
11186,372,13,2024-05-12,2,108.49,returned
11187,390,14,2024-05-12,1,140.7,completed
11188,49,10,2024-05-12,1,168.83,completed
11189,308,16,2024-05-12,1,21.48,completed
11190,422,3,2024-05-12,3,2484.13,completed
11191,63,6,2024-05-12,2,412.02,cancelled
11192,121,4,2024-05-12,1,592.73,completed
11193,266,14,2024-05-12,4,549.47,completed
11194,66,26,2024-05-12,3,101.29,completed
11195,3,24,2024-05-12,4,147.04,completed
11196,411,6,2024-05-12,4,887.76,completed
11197,372,24,2024-05-12,3,104.2,cancelled
11198,141,4,2024-05-12,4,2242.96,completed
11199,10,9,2024-05-12,3,130.12,returned
11200,399,16,2024-05-12,1,21.44,completed
11201,136,30,2024-05-12,2,96.08,completed
11202,101,1,2024-05-13,3,2071.54,returned
11203,404,16,2024-05-13,4,88.21,returned
11204,458,9,2024-05-13,2,88.49,returned
11205,345,5,2024-05-13,1,139.5,returned
11206,10,10,2024-05-13,1,166.91,returned
11207,204,28,2024-05-13,2,64.2,returned
11208,134,14,2024-05-13,2,276.56,returned
11209,10,18,2024-05-13,4,23.03,returned
11210,252,23,2024-05-13,4,43.83,completed
11211,390,11,2024-05-14,4,107.03,completed
11212,390,4,2024-05-14,2,1158.22,completed
11213,273,29,2024-05-14,1,43.1,completed
11214,50,25,2024-05-14,1,59.99,completed
11215,3,30,2024-05-14,4,192.94,completed
11216,471,29,2024-05-14,2,87.86,completed
11217,353,21,2024-05-14,4,322.66,cancelled
11218,125,12,2024-05-15,4,365.0,cancelled
11219,43,17,2024-05-15,1,14.5,cancelled
11220,408,11,2024-05-15,2,51.96,completed
11221,23,13,2024-05-15,2,102.1,completed
11222,10,10,2024-05-15,2,319.88,completed
11223,321,16,2024-05-16,2,42.36,returned
11224,311,20,2024-05-16,3,53.35,cancelled
11225,462,16,2024-05-16,1,21.04,cancelled
11226,321,13,2024-05-16,1,54.01,completed
11227,10,26,2024-05-16,1,32.31,returned
11228,372,17,2024-05-16,2,28.35,returned
11229,272,30,2024-05-16,3,133.81,completed
11230,139,30,2024-05-16,3,141.09,returned
11231,103,3,2024-05-16,1,852.75,completed
11232,215,13,2024-05-17,2,109.5,cancelled
11233,337,7,2024-05-17,3,363.4,completed
11234,496,30,2024-05-17,1,47.56,cancelled
11235,23,3,2024-05-17,1,805.16,completed
11236,445,23,2024-05-17,3,34.36,completed
11237,32,21,2024-05-17,4,305.57,completed
11238,350,17,2024-05-17,2,28.02,completed
11239,242,23,2024-05-17,2,21.79,cancelled
11240,500,16,2024-05-17,4,89.25,completed
11241,266,13,2024-05-17,4,215.65,completed
11242,13,13,2024-05-17,4,203.27,returned
11243,321,5,2024-05-18,1,143.18,completed
11244,386,15,2024-05-18,4,479.7,cancelled
11245,199,13,2024-05-18,1,53.24,returned
11246,141,10,2024-05-18,4,635.45,cancelled
11247,196,2,2024-05-18,2,789.42,returned
11248,191,12,2024-05-18,4,378.36,returned
11249,384,27,2024-05-19,2,121.77,cancelled
11250,390,28,2024-05-19,3,91.03,returned
11251,34,15,2024-05-19,4,501.88,completed
11252,467,6,2024-05-19,1,203.23,cancelled
11253,245,10,2024-05-19,2,319.6,completed
11254,376,3,2024-05-19,3,2339.29,returned
11255,255,5,2024-05-19,2,281.7,returned
11256,466,29,2024-05-20,4,162.2,completed
11257,109,18,2024-05-20,3,17.32,cancelled
11258,139,27,2024-05-20,3,194.0,completed
11259,262,13,2024-05-21,2,109.07,completed
11260,255,23,2024-05-21,3,33.95,completed
11261,304,13,2024-05-21,3,152.11,completed
11262,94,26,2024-05-21,1,33.07,completed
11263,225,14,2024-05-21,2,275.1,returned
11264,494,27,2024-05-22,3,191.4,completed
11265,384,23,2024-05-22,2,21.19,returned
11266,372,30,2024-05-22,1,46.21,completed
11267,319,18,2024-05-22,4,23.94,completed
11268,496,20,2024-05-22,4,71.42,completed
11269,15,6,2024-05-22,1,219.85,completed
11270,288,15,2024-05-22,1,127.86,completed
11271,466,29,2024-05-22,2,82.93,cancelled
11272,439,4,2024-05-22,3,1652.3,completed
11273,32,23,2024-05-22,3,32.81,cancelled
11274,215,9,2024-05-22,1,43.34,completed
11275,429,18,2024-05-22,3,18.13,returned
11276,124,28,2024-05-22,2,63.41,completed
11277,371,9,2024-05-23,3,137.53,completed
11278,298,8,2024-05-23,3,122.6,completed
11279,237,6,2024-05-23,4,876.64,completed
11280,247,11,2024-05-23,2,53.29,completed
11281,353,12,2024-05-23,4,354.4,cancelled
11282,270,12,2024-05-23,2,180.4,completed
11283,466,5,2024-05-23,1,145.23,completed
11284,104,1,2024-05-23,1,722.96,returned
11285,241,11,2024-05-23,1,26.97,completed
11286,144,5,2024-05-24,2,282.43,cancelled
11287,56,14,2024-05-24,3,388.71,completed
11288,480,6,2024-05-24,3,645.3,completed
11289,422,24,2024-05-24,3,101.66,returned
11290,36,18,2024-05-24,1,5.51,cancelled
11291,447,7,2024-05-24,4,493.48,completed
11292,10,9,2024-05-24,1,42.19,cancelled
11293,390,10,2024-05-24,1,166.41,completed
11294,404,29,2024-05-24,2,88.99,cancelled
11295,443,4,2024-05-24,3,1680.97,completed
11296,139,19,2024-05-24,1,24.5,completed
11297,481,7,2024-05-24,1,125.88,completed
11298,133,5,2024-05-25,1,138.06,completed
11299,10,22,2024-05-25,3,63.08,returned
11300,467,24,2024-05-25,3,110.07,completed
11301,278,25,2024-05-25,1,55.19,cancelled
11302,390,11,2024-05-25,1,27.13,completed
11303,124,1,2024-05-25,4,2788.48,completed
11304,40,26,2024-05-25,2,64.6,completed
11305,8,11,2024-05-25,4,108.7,completed
11306,130,18,2024-05-25,4,22.45,completed
11307,15,7,2024-05-25,1,126.05,completed
11308,475,15,2024-05-25,3,382.98,completed
11309,56,12,2024-05-25,3,285.01,completed
11310,282,11,2024-05-25,3,78.03,cancelled
11311,422,20,2024-05-25,2,35.11,returned
11312,314,21,2024-05-25,3,244.77,completed
11313,299,29,2024-05-26,1,44.6,cancelled
11314,183,30,2024-05-26,2,91.18,completed
11315,249,29,2024-05-26,1,43.56,completed
11316,82,6,2024-05-26,1,207.95,completed
11317,301,26,2024-05-26,3,101.94,completed
11318,155,20,2024-05-26,3,49.23,completed
11319,46,26,2024-05-26,3,101.54,completed
11320,65,15,2024-05-26,3,380.78,completed
11321,391,27,2024-05-26,1,61.87,completed
11322,105,28,2024-05-26,4,120.75,completed
11323,386,12,2024-05-27,2,190.16,cancelled
11324,112,25,2024-05-27,2,113.27,completed
11325,410,3,2024-05-27,1,825.15,completed
11326,109,2,2024-05-27,4,1559.16,cancelled
11327,138,5,2024-05-27,1,142.89,returned
11328,260,18,2024-05-27,3,16.97,returned
11329,153,25,2024-05-27,2,112.46,cancelled
11330,10,4,2024-05-27,2,1157.49,completed
11331,471,23,2024-05-27,4,42.64,returned
11332,449,1,2024-05-28,4,2927.82,completed
11333,445,3,2024-05-28,2,1562.83,completed
11334,10,22,2024-05-28,4,83.15,completed
11335,142,16,2024-05-28,4,87.1,returned
11336,334,20,2024-05-28,4,69.15,cancelled
11337,255,13,2024-05-28,4,210.57,completed
11338,151,21,2024-05-28,4,313.37,completed
11339,314,28,2024-05-28,3,96.47,completed
11340,472,22,2024-05-28,1,21.9,completed
11341,10,3,2024-05-28,1,793.64,completed
11342,394,25,2024-05-28,2,112.05,completed
11343,471,24,2024-05-28,3,104.05,completed
11344,307,2,2024-05-28,1,419.27,returned
11345,114,21,2024-05-29,2,155.9,completed
11346,349,1,2024-05-29,2,1488.4,returned
11347,207,17,2024-05-29,2,28.54,cancelled
11348,368,29,2024-05-29,2,89.55,completed
11349,32,24,2024-05-29,3,109.51,completed
11350,65,9,2024-05-29,2,92.49,completed
11351,415,9,2024-05-30,3,134.11,returned
11352,225,11,2024-05-30,2,52.82,completed
11353,10,3,2024-05-30,3,2571.67,completed
11354,31,18,2024-05-30,4,22.78,completed
11355,440,21,2024-05-30,1,75.32,completed
11356,10,26,2024-05-30,1,33.81,completed
11357,477,9,2024-05-30,3,136.36,completed
11358,272,27,2024-05-30,1,65.75,cancelled
11359,253,5,2024-05-30,1,142.28,completed
11360,295,11,2024-05-30,2,56.46,returned
11361,213,22,2024-05-30,1,20.07,returned
11362,10,20,2024-05-30,1,17.73,returned
11363,422,23,2024-05-30,3,31.19,completed
11364,104,7,2024-05-31,4,473.8,completed
11365,196,8,2024-05-31,4,173.66,completed
11366,343,23,2024-05-31,3,31.9,returned
11367,390,2,2024-05-31,2,797.55,returned
11368,481,10,2024-05-31,4,695.95,completed
11369,300,3,2024-05-31,4,3351.44,completed
11370,412,11,2024-05-31,3,81.19,returned
11371,208,2,2024-05-31,3,1273.17,completed
11372,307,5,2024-05-31,3,419.04,cancelled
11373,112,19,2024-05-31,3,73.55,cancelled
11374,10,29,2024-05-31,1,44.19,returned
11375,390,14,2024-05-31,1,139.42,completed
11376,174,26,2024-05-31,1,33.24,returned
11377,109,30,2024-05-31,3,138.45,cancelled
11378,472,2,2024-05-31,3,1185.29,completed
11379,10,12,2024-06-01,4,362.05,completed
11380,174,14,2024-06-01,3,420.84,returned
11381,133,11,2024-06-01,1,27.15,cancelled
11382,135,18,2024-06-01,1,5.79,completed
11383,10,10,2024-06-01,1,170.01,returned
11384,343,24,2024-06-01,1,36.94,completed
11385,453,5,2024-06-01,4,591.72,completed
11386,87,3,2024-06-01,2,1662.0,cancelled
11387,242,18,2024-06-01,3,17.34,completed
11388,329,14,2024-06-02,4,525.92,completed
11389,16,18,2024-06-02,2,11.94,completed
11390,87,7,2024-06-02,4,500.25,cancelled
11391,334,3,2024-06-02,1,838.93,cancelled
11392,88,20,2024-06-02,2,34.45,completed
11393,175,2,2024-06-03,2,812.52,completed
11394,273,3,2024-06-03,3,2528.14,completed
11395,390,17,2024-06-03,3,42.37,completed
11396,90,5,2024-06-03,4,583.1,completed
11397,443,25,2024-06-03,3,168.68,completed
11398,200,25,2024-06-03,2,110.06,completed
11399,500,29,2024-06-03,2,84.44,completed
11400,94,29,2024-06-03,4,174.33,completed
11401,372,20,2024-06-03,2,34.08,completed
11402,350,19,2024-06-04,2,50.11,cancelled
11403,174,21,2024-06-04,4,301.48,completed
11404,153,15,2024-06-04,1,130.55,completed
11405,360,21,2024-06-04,4,299.75,cancelled
11406,371,11,2024-06-04,1,28.23,cancelled
11407,260,25,2024-06-04,1,58.57,completed
11408,133,12,2024-06-05,3,286.16,completed
11409,33,13,2024-06-05,3,158.41,completed
11410,15,27,2024-06-05,2,121.95,completed
11411,224,7,2024-06-05,3,368.57,cancelled
11412,6,30,2024-06-05,4,186.85,returned
11413,178,16,2024-06-05,1,22.8,cancelled
11414,15,12,2024-06-05,1,91.76,cancelled
11415,387,13,2024-06-05,4,198.47,completed
11416,82,23,2024-06-06,1,11.37,completed
11417,31,16,2024-06-06,3,65.85,completed
11418,162,7,2024-06-06,4,508.96,completed
11419,345,12,2024-06-06,3,266.18,completed
11420,97,13,2024-06-06,2,102.1,completed
11421,273,13,2024-06-06,2,108.09,cancelled
11422,255,16,2024-06-06,1,23.06,completed
11423,355,8,2024-06-07,1,41.15,completed
11424,481,12,2024-06-07,2,190.49,completed
11425,138,5,2024-06-07,2,273.65,completed
11426,57,16,2024-06-07,3,69.43,completed
11427,422,5,2024-06-07,4,571.37,cancelled
11428,454,13,2024-06-07,2,101.63,cancelled
11429,82,4,2024-06-07,2,1144.14,completed
11430,242,18,2024-06-07,4,24.41,completed
11431,51,21,2024-06-07,4,309.77,cancelled
11432,256,29,2024-06-07,2,85.63,completed
11433,372,25,2024-06-08,4,239.27,completed
11434,10,8,2024-06-08,4,175.11,returned
11435,332,17,2024-06-08,2,28.95,cancelled
11436,150,25,2024-06-08,2,110.42,completed
11437,10,12,2024-06-08,3,283.5,cancelled
11438,121,22,2024-06-08,3,61.89,completed
11439,158,14,2024-06-08,3,392.27,completed
11440,413,20,2024-06-08,3,50.99,completed
11441,410,22,2024-06-09,3,59.3,completed
11442,23,2,2024-06-09,1,415.96,completed
11443,436,12,2024-06-09,2,183.85,returned
11444,10,27,2024-06-09,2,130.6,returned
11445,74,28,2024-06-09,1,30.43,completed
11446,390,8,2024-06-09,4,167.41,returned
11447,244,26,2024-06-10,3,102.23,cancelled
11448,422,28,2024-06-10,3,96.67,cancelled
11449,394,23,2024-06-10,4,43.96,cancelled
11450,120,12,2024-06-10,2,186.08,completed
11451,145,24,2024-06-10,4,136.36,completed
11452,248,26,2024-06-10,4,132.12,completed
11453,255,18,2024-06-10,4,22.46,completed
11454,92,4,2024-06-11,4,2381.58,returned
11455,458,21,2024-06-11,4,297.26,cancelled
11456,273,1,2024-06-11,4,3033.58,completed
11457,453,16,2024-06-11,4,84.02,completed
11458,264,12,2024-06-11,2,180.74,returned
11459,92,25,2024-06-12,2,112.05,completed
11460,3,29,2024-06-12,3,124.78,completed
11461,126,16,2024-06-12,4,89.34,completed
11462,285,22,2024-06-12,1,21.6,returned
11463,10,2,2024-06-12,1,427.12,returned
11464,492,17,2024-06-12,1,14.14,cancelled
11465,142,17,2024-06-12,2,26.96,completed
11466,360,19,2024-06-12,3,72.57,completed
11467,198,30,2024-06-12,1,45.62,returned
11468,10,26,2024-06-12,1,31.92,completed
11469,214,11,2024-06-12,2,52.17,completed
11470,316,18,2024-06-12,3,18.35,returned
11471,162,15,2024-06-12,1,123.03,returned
11472,282,5,2024-06-13,2,274.53,completed
11473,326,29,2024-06-13,3,124.13,completed
11474,258,3,2024-06-13,2,1704.17,completed
11475,3,12,2024-06-13,1,93.13,completed
11476,397,1,2024-06-13,3,2084.26,cancelled
11477,59,29,2024-06-13,4,168.8,completed
11478,485,17,2024-06-13,1,13.75,completed
11479,277,28,2024-06-13,1,32.28,cancelled
11480,98,25,2024-06-13,4,223.48,completed
11481,240,24,2024-06-13,3,102.88,completed
11482,436,7,2024-06-13,2,241.09,returned
11483,371,23,2024-06-13,2,22.93,returned
11484,10,26,2024-06-13,2,65.04,completed
11485,10,21,2024-06-14,4,300.94,returned
11486,230,25,2024-06-14,4,228.39,completed
11487,353,19,2024-06-14,2,52.41,completed
11488,10,17,2024-06-14,1,13.41,completed
11489,131,30,2024-06-14,4,189.67,returned
11490,418,15,2024-06-14,2,250.9,completed
11491,131,17,2024-06-14,3,41.34,completed
11492,331,21,2024-06-14,4,298.32,completed
11493,50,18,2024-06-14,4,22.12,completed
11494,471,23,2024-06-14,1,11.24,completed
11495,4,15,2024-06-14,1,126.84,completed
11496,455,13,2024-06-14,4,207.32,returned
11497,188,10,2024-06-14,1,163.29,completed
11498,390,24,2024-06-14,3,107.94,cancelled
11499,2,1,2024-06-15,2,1418.42,returned
11500,215,12,2024-06-15,4,348.1,completed
11501,408,18,2024-06-15,2,12.02,completed
11502,14,21,2024-06-15,3,230.87,returned
11503,75,1,2024-06-15,4,2821.7,cancelled
11504,44,7,2024-06-15,1,116.1,completed
11505,411,3,2024-06-15,1,815.45,completed
11506,98,15,2024-06-15,2,245.21,completed
11507,489,25,2024-06-15,3,166.43,returned
11508,362,21,2024-06-15,3,221.62,returned
11509,339,30,2024-06-15,1,44.56,cancelled
11510,141,13,2024-06-16,1,50.91,completed
11511,376,9,2024-06-16,1,44.78,completed
11512,187,20,2024-06-16,2,33.13,cancelled
11513,353,12,2024-06-16,1,88.68,returned
11514,316,17,2024-06-16,1,13.58,completed
11515,141,20,2024-06-16,3,48.87,completed
11516,370,16,2024-06-16,1,21.61,cancelled
11517,445,20,2024-06-16,3,51.55,returned
11518,468,13,2024-06-16,2,99.82,completed
11519,198,2,2024-06-16,3,1203.25,completed
11520,181,17,2024-06-17,1,13.44,completed
11521,345,6,2024-06-17,3,645.29,returned
11522,343,26,2024-06-17,4,124.81,completed
11523,287,5,2024-06-17,3,416.55,completed
11524,359,26,2024-06-17,4,134.75,returned
11525,251,30,2024-06-17,4,179.03,completed
11526,273,14,2024-06-17,3,385.15,completed
11527,23,28,2024-06-17,1,31.85,completed
11528,23,2,2024-06-18,1,398.49,completed
11529,10,29,2024-06-18,1,40.54,returned
11530,279,24,2024-06-18,4,142.5,completed
11531,332,24,2024-06-18,1,34.14,returned
11532,210,20,2024-06-18,1,16.88,cancelled
11533,177,18,2024-06-18,4,22.08,completed
11534,67,28,2024-06-19,3,93.02,completed
11535,324,3,2024-06-19,1,809.53,completed
11536,376,14,2024-06-19,2,275.21,returned
11537,447,13,2024-06-19,4,219.16,completed
11538,268,17,2024-06-19,4,58.74,completed
11539,66,18,2024-06-19,2,11.74,completed
11540,393,27,2024-06-20,1,61.88,returned
11541,322,12,2024-06-20,3,269.01,completed
11542,30,1,2024-06-20,2,1465.35,cancelled
11543,255,29,2024-06-20,4,175.72,completed
11544,281,5,2024-06-20,2,281.63,returned
11545,225,2,2024-06-20,4,1647.09,completed
11546,274,13,2024-06-20,1,50.53,completed
11547,369,10,2024-06-20,1,172.82,returned
11548,460,20,2024-06-20,2,34.43,completed
11549,241,15,2024-06-20,3,383.62,completed
11550,435,25,2024-06-20,3,180.43,completed
11551,10,2,2024-06-20,4,1683.06,completed
11552,259,19,2024-06-20,3,79.22,returned
11553,210,15,2024-06-20,2,262.56,returned
11554,445,29,2024-06-20,4,172.13,completed
11555,105,9,2024-06-20,4,175.8,returned
11556,369,8,2024-06-21,2,84.9,completed
11557,451,28,2024-06-21,4,126.19,completed
11558,36,23,2024-06-21,4,41.55,completed
11559,231,29,2024-06-21,4,174.0,returned
11560,157,22,2024-06-21,3,63.09,cancelled
11561,98,8,2024-06-21,3,128.76,completed
11562,455,6,2024-06-21,2,434.99,completed
11563,390,9,2024-06-21,2,90.8,completed
11564,345,16,2024-06-21,1,21.07,cancelled
11565,281,29,2024-06-21,4,173.93,cancelled
11566,208,28,2024-06-21,2,64.59,completed
11567,334,16,2024-06-21,2,46.07,completed
11568,99,10,2024-06-21,2,330.73,returned
11569,133,20,2024-06-22,1,17.24,completed
11570,279,22,2024-06-22,1,21.63,completed
11571,445,1,2024-06-22,4,2875.76,completed
11572,291,6,2024-06-22,1,216.74,completed
11573,390,1,2024-06-22,4,2996.13,returned
11574,369,25,2024-06-22,2,110.6,returned
11575,439,17,2024-06-23,1,13.73,cancelled
11576,128,10,2024-06-23,3,475.65,completed
11577,497,11,2024-06-23,1,25.97,returned
11578,390,29,2024-06-23,4,164.32,returned
11579,377,17,2024-06-23,2,27.7,completed
11580,353,12,2024-06-23,2,184.91,completed
11581,150,20,2024-06-23,3,50.34,completed
11582,279,29,2024-06-23,1,44.44,completed
11583,254,19,2024-06-23,4,104.92,returned
11584,208,30,2024-06-23,4,181.71,completed
11585,413,26,2024-06-23,2,62.97,completed
11586,376,8,2024-06-23,4,167.82,returned
11587,10,6,2024-06-23,3,648.44,completed
11588,222,21,2024-06-24,3,229.47,completed
11589,10,21,2024-06-24,1,79.41,completed
11590,349,18,2024-06-24,3,17.43,completed
11591,97,15,2024-06-24,1,126.27,completed
11592,7,3,2024-06-24,1,791.67,completed
11593,372,28,2024-06-24,3,95.21,returned
11594,271,30,2024-06-24,4,191.05,cancelled
11595,59,21,2024-06-25,3,238.55,completed
11596,104,5,2024-06-25,2,293.18,completed
11597,94,23,2024-06-25,4,45.15,completed
11598,479,16,2024-06-25,1,22.67,cancelled
11599,188,7,2024-06-25,3,356.69,returned
11600,10,22,2024-06-25,1,21.71,cancelled
11601,365,7,2024-06-26,1,121.99,completed
11602,495,5,2024-06-26,1,140.28,completed
11603,51,7,2024-06-26,4,476.26,returned
11604,189,9,2024-06-26,3,132.39,returned
11605,212,8,2024-06-26,3,129.93,cancelled
11606,445,15,2024-06-26,3,379.35,completed
11607,407,28,2024-06-26,3,97.31,returned
11608,462,7,2024-06-26,2,254.79,completed
11609,216,20,2024-06-26,1,17.24,completed
11610,12,1,2024-06-26,3,2157.98,completed
11611,478,2,2024-06-26,4,1704.39,completed
11612,414,7,2024-06-26,1,118.07,cancelled
11613,255,14,2024-06-26,2,273.09,returned
11614,427,27,2024-06-27,3,191.77,completed
11615,321,20,2024-06-27,1,16.34,cancelled
11616,274,4,2024-06-27,3,1736.34,cancelled
11617,208,5,2024-06-27,3,441.59,completed
11618,33,13,2024-06-27,1,53.39,returned
11619,386,7,2024-06-27,2,252.09,completed
11620,429,15,2024-06-27,2,242.95,cancelled
11621,285,1,2024-06-27,4,2855.26,returned
11622,268,29,2024-06-27,1,44.46,cancelled
11623,181,1,2024-06-28,1,723.87,returned
11624,16,6,2024-06-28,4,822.44,completed
11625,255,4,2024-06-28,1,545.0,cancelled
11626,109,1,2024-06-28,1,721.13,completed
11627,152,7,2024-06-28,1,119.8,completed
11628,345,8,2024-06-28,4,168.83,cancelled
11629,95,23,2024-06-28,2,22.23,completed
11630,255,29,2024-06-28,2,81.54,completed
11631,170,21,2024-06-28,4,310.55,completed
11632,10,8,2024-06-28,1,39.96,completed
11633,36,11,2024-06-28,4,113.31,returned
11634,29,21,2024-06-28,2,163.2,returned
11635,109,29,2024-06-28,3,127.12,completed
11636,435,10,2024-06-28,4,696.72,returned
11637,350,23,2024-06-28,1,10.61,returned
11638,396,24,2024-06-28,3,111.15,cancelled
11639,82,28,2024-06-29,4,133.06,completed
11640,58,24,2024-06-29,3,107.9,returned
11641,240,9,2024-06-29,4,174.09,cancelled
11642,101,12,2024-06-29,2,189.89,completed
11643,97,14,2024-06-29,4,556.1,completed
11644,3,15,2024-06-29,3,374.69,returned
11645,158,4,2024-06-29,3,1808.25,returned
11646,331,15,2024-06-29,3,364.02,completed
11647,208,21,2024-06-30,3,244.81,cancelled
11648,381,13,2024-06-30,4,215.58,completed
11649,260,3,2024-06-30,3,2561.97,completed
11650,92,1,2024-06-30,2,1487.92,completed
11651,371,25,2024-06-30,3,179.57,cancelled
11652,242,24,2024-06-30,2,73.63,cancelled
11653,122,17,2024-06-30,1,13.78,cancelled
11654,181,8,2024-07-01,1,43.32,completed
11655,260,5,2024-07-01,1,135.87,completed
11656,373,10,2024-07-01,3,518.64,returned
11657,277,18,2024-07-01,2,11.63,completed
11658,372,27,2024-07-01,3,188.08,cancelled
11659,405,5,2024-07-01,2,295.84,cancelled
11660,390,2,2024-07-01,3,1251.57,completed
11661,1,15,2024-07-01,3,386.64,completed
11662,23,28,2024-07-01,3,93.65,cancelled
11663,376,27,2024-07-01,4,245.33,completed
11664,139,19,2024-07-01,4,100.61,cancelled
11665,208,23,2024-07-01,4,43.17,completed
11666,4,7,2024-07-01,1,118.66,cancelled
11667,345,6,2024-07-02,1,213.39,cancelled
11668,265,27,2024-07-02,1,59.67,returned
11669,200,24,2024-07-02,1,35.04,returned
11670,424,23,2024-07-02,2,20.74,completed
11671,236,8,2024-07-02,4,171.3,completed
11672,467,1,2024-07-02,4,3059.51,returned
11673,187,11,2024-07-02,1,27.4,completed
11674,492,6,2024-07-02,4,840.03,completed
11675,322,11,2024-07-02,3,78.93,completed
11676,318,4,2024-07-02,4,2329.16,cancelled
11677,10,3,2024-07-02,4,3345.01,completed
11678,242,1,2024-07-02,3,2225.55,completed
11679,222,2,2024-07-02,2,810.84,completed
11680,281,4,2024-07-03,4,2262.94,completed
11681,10,4,2024-07-03,4,2281.3,completed
11682,390,19,2024-07-03,3,73.36,cancelled
11683,317,30,2024-07-03,1,44.72,completed
11684,414,13,2024-07-03,1,54.09,completed
11685,371,15,2024-07-03,3,363.83,completed
11686,295,21,2024-07-03,3,224.47,completed
11687,367,6,2024-07-03,1,200.28,completed
11688,104,6,2024-07-04,4,889.63,cancelled
11689,236,17,2024-07-04,1,13.32,cancelled
11690,379,5,2024-07-04,3,415.55,completed
11691,372,9,2024-07-04,3,131.35,cancelled
11692,32,25,2024-07-04,1,54.28,completed
11693,51,13,2024-07-05,1,51.06,completed
11694,158,12,2024-07-05,1,89.26,cancelled
11695,390,29,2024-07-05,4,162.66,cancelled
11696,387,2,2024-07-05,3,1247.64,returned
11697,142,15,2024-07-05,4,510.0,completed
11698,104,4,2024-07-05,2,1205.23,cancelled
11699,64,2,2024-07-05,1,390.16,completed
11700,79,4,2024-07-05,1,561.51,cancelled
11701,367,13,2024-07-05,4,216.02,cancelled
11702,243,29,2024-07-06,1,44.74,completed
11703,304,8,2024-07-06,1,42.35,completed
11704,500,26,2024-07-06,4,124.59,completed
11705,10,28,2024-07-06,3,91.14,completed
11706,395,18,2024-07-07,4,24.48,completed
11707,390,2,2024-07-07,3,1211.03,returned
11708,321,13,2024-07-07,1,53.12,cancelled
11709,315,4,2024-07-07,2,1093.03,returned
11710,111,19,2024-07-07,2,51.61,returned
11711,241,18,2024-07-07,3,17.55,completed
11712,390,1,2024-07-07,3,2248.27,cancelled
11713,157,3,2024-07-07,3,2375.64,cancelled
11714,390,17,2024-07-07,1,14.38,cancelled
11715,13,19,2024-07-07,3,79.48,completed
11716,408,22,2024-07-07,3,60.99,returned
11717,46,30,2024-07-07,3,144.36,completed
11718,77,16,2024-07-08,1,21.82,completed
11719,376,10,2024-07-08,3,474.92,completed
11720,361,25,2024-07-08,2,118.94,completed
11721,279,25,2024-07-08,4,234.48,completed
11722,334,28,2024-07-08,2,63.18,returned
11723,82,10,2024-07-08,3,513.62,returned
11724,182,1,2024-07-09,3,2124.93,completed
11725,327,22,2024-07-09,1,20.17,completed
11726,321,5,2024-07-09,1,144.06,cancelled
11727,190,27,2024-07-09,4,244.04,completed
11728,181,30,2024-07-09,4,190.54,cancelled
11729,339,24,2024-07-09,4,134.72,completed
11730,114,17,2024-07-09,3,43.02,returned
11731,161,15,2024-07-09,3,369.06,completed
11732,174,5,2024-07-09,4,587.61,returned
11733,364,1,2024-07-09,4,3041.31,completed
11734,101,11,2024-07-09,1,27.74,cancelled
11735,348,29,2024-07-09,1,44.3,returned
11736,10,27,2024-07-10,3,191.57,cancelled
11737,360,19,2024-07-10,4,98.4,completed
11738,396,19,2024-07-10,2,50.2,returned
11739,1,4,2024-07-10,1,599.06,cancelled
11740,23,10,2024-07-10,3,506.31,completed
11741,390,19,2024-07-10,2,49.11,completed
11742,453,26,2024-07-10,2,68.15,returned
11743,236,22,2024-07-10,3,64.31,completed
11744,40,20,2024-07-10,4,71.9,completed
11745,405,11,2024-07-10,4,105.25,returned
11746,92,10,2024-07-10,1,171.27,returned
11747,29,1,2024-07-10,4,2867.07,cancelled
11748,376,18,2024-07-10,4,23.94,completed
11749,472,18,2024-07-11,3,17.12,cancelled
11750,13,14,2024-07-11,4,533.69,completed
11751,25,7,2024-07-11,3,370.13,completed
11752,273,28,2024-07-11,1,30.54,completed
11753,272,20,2024-07-11,2,34.99,completed
11754,243,29,2024-07-11,3,122.47,cancelled
11755,171,12,2024-07-11,4,362.93,cancelled
11756,133,21,2024-07-11,1,75.78,returned
11757,204,1,2024-07-11,2,1403.2,cancelled
11758,374,19,2024-07-11,4,101.61,cancelled
11759,10,1,2024-07-11,1,760.88,completed
11760,236,16,2024-07-11,4,85.44,cancelled
11761,174,25,2024-07-11,3,174.45,cancelled
11762,284,3,2024-07-12,1,824.27,completed
11763,34,19,2024-07-12,1,25.24,completed
11764,10,24,2024-07-12,2,68.16,returned
11765,381,30,2024-07-12,2,95.04,completed
11766,10,24,2024-07-12,1,36.96,completed
11767,74,11,2024-07-12,1,28.16,completed
11768,365,1,2024-07-12,1,694.28,returned
11769,7,1,2024-07-12,3,2213.92,completed
11770,23,11,2024-07-12,1,27.89,completed
11771,273,26,2024-07-12,1,32.17,completed
11772,345,24,2024-07-12,3,100.78,completed
11773,10,12,2024-07-13,3,268.88,cancelled
11774,320,28,2024-07-13,1,32.18,cancelled
11775,277,24,2024-07-13,3,101.83,completed
11776,297,18,2024-07-13,4,24.14,returned
11777,10,23,2024-07-13,3,34.21,completed
11778,345,23,2024-07-13,3,32.39,completed
11779,371,7,2024-07-13,2,244.77,completed
11780,327,16,2024-07-13,3,67.06,cancelled
11781,317,21,2024-07-14,1,79.15,returned
11782,335,27,2024-07-14,4,262.02,returned
11783,390,5,2024-07-14,4,578.57,returned
11784,10,22,2024-07-14,1,21.21,cancelled
11785,240,25,2024-07-14,2,119.57,cancelled
11786,441,15,2024-07-14,3,392.12,returned
11787,152,12,2024-07-14,2,184.09,cancelled
11788,10,29,2024-07-15,3,129.1,completed
11789,474,7,2024-07-15,2,231.9,completed
11790,236,24,2024-07-15,4,141.97,completed
11791,411,3,2024-07-15,3,2526.05,returned
11792,495,16,2024-07-15,3,64.22,cancelled
11793,208,23,2024-07-15,4,43.16,cancelled
11794,230,7,2024-07-16,4,488.94,completed
11795,236,20,2024-07-16,2,32.66,completed
11796,200,26,2024-07-16,3,96.36,completed
11797,472,20,2024-07-16,3,54.21,completed
11798,62,17,2024-07-16,1,13.6,completed
11799,397,1,2024-07-16,2,1433.82,completed
11800,203,21,2024-07-16,2,148.62,returned
11801,87,8,2024-07-16,4,160.82,completed
11802,480,17,2024-07-17,1,14.12,completed
11803,410,4,2024-07-17,1,590.42,cancelled
11804,89,18,2024-07-17,2,12.02,completed
11805,311,22,2024-07-17,2,41.27,returned
11806,367,18,2024-07-17,1,5.74,returned
11807,175,2,2024-07-17,3,1171.67,completed
11808,345,16,2024-07-17,2,43.16,completed
11809,98,12,2024-07-17,1,93.45,completed
11810,256,11,2024-07-17,1,27.9,completed
11811,415,1,2024-07-17,2,1466.66,completed
11812,4,12,2024-07-17,1,96.44,completed
11813,214,12,2024-07-17,1,90.43,cancelled
11814,436,17,2024-07-17,4,57.56,completed
11815,154,8,2024-07-17,3,120.45,returned
11816,348,7,2024-07-18,4,480.11,completed
11817,190,5,2024-07-18,1,144.99,completed
11818,203,21,2024-07-18,2,153.42,completed
11819,466,22,2024-07-18,3,62.45,returned
11820,245,27,2024-07-18,2,123.82,completed
11821,208,4,2024-07-18,4,2338.65,completed
11822,23,11,2024-07-18,1,28.18,cancelled
11823,130,16,2024-07-18,2,43.76,cancelled
11824,411,10,2024-07-19,4,630.29,returned
11825,301,21,2024-07-19,4,294.27,completed
11826,492,28,2024-07-19,2,63.14,completed
11827,242,15,2024-07-19,1,132.2,cancelled
11828,112,29,2024-07-19,2,80.74,returned
11829,301,18,2024-07-19,1,5.94,returned
11830,365,8,2024-07-19,1,43.89,completed
11831,345,24,2024-07-19,3,103.19,completed
11832,145,9,2024-07-19,3,128.76,completed
11833,278,15,2024-07-19,4,491.49,completed
11834,466,30,2024-07-20,1,45.31,returned
11835,236,23,2024-07-20,1,10.37,completed
11836,481,16,2024-07-20,1,21.45,completed
11837,191,12,2024-07-20,3,275.5,completed
11838,256,17,2024-07-20,3,42.27,completed
11839,18,4,2024-07-20,4,2194.97,returned
11840,271,5,2024-07-20,4,547.1,completed
11841,174,9,2024-07-20,1,42.35,completed
11842,10,22,2024-07-20,1,20.03,completed
11843,400,8,2024-07-20,3,125.9,cancelled
11844,210,15,2024-07-21,4,483.47,cancelled
11845,34,12,2024-07-21,4,376.71,cancelled
11846,440,8,2024-07-21,3,124.23,completed
11847,364,28,2024-07-21,3,95.61,completed
11848,50,16,2024-07-21,4,85.86,cancelled
11849,387,9,2024-07-21,3,135.86,completed
11850,294,24,2024-07-22,3,109.22,completed
11851,325,5,2024-07-22,2,290.58,cancelled
11852,437,13,2024-07-22,3,161.81,completed
11853,472,6,2024-07-22,2,412.37,cancelled
11854,141,2,2024-07-22,2,801.02,completed
11855,10,16,2024-07-22,4,85.57,returned
11856,277,18,2024-07-22,1,5.6,completed
11857,427,16,2024-07-22,2,45.79,completed
11858,220,28,2024-07-22,1,30.36,completed
11859,38,16,2024-07-23,2,42.2,completed
11860,460,3,2024-07-23,1,848.57,cancelled
11861,230,22,2024-07-23,2,40.91,completed
11862,235,19,2024-07-23,3,78.11,completed
11863,353,23,2024-07-23,1,10.99,completed
11864,334,20,2024-07-23,4,71.1,completed
11865,287,18,2024-07-23,3,17.5,completed
11866,10,11,2024-07-23,4,113.94,completed
11867,276,9,2024-07-23,3,132.01,completed
11868,414,15,2024-07-24,3,396.13,completed
11869,4,16,2024-07-24,2,46.29,returned
11870,11,7,2024-07-25,2,246.76,completed
11871,123,1,2024-07-25,4,2949.05,returned
11872,277,28,2024-07-25,4,121.69,returned
11873,57,3,2024-07-25,1,853.91,completed
11874,204,23,2024-07-25,1,11.17,completed
11875,410,28,2024-07-25,4,125.17,completed
11876,97,8,2024-07-25,2,86.44,cancelled
11877,53,26,2024-07-25,3,93.81,completed
11878,306,29,2024-07-25,1,40.8,completed
11879,411,23,2024-07-25,2,21.38,completed
11880,379,13,2024-07-26,2,99.82,completed
11881,101,23,2024-07-26,3,31.72,returned
11882,112,27,2024-07-26,2,125.6,completed
11883,65,8,2024-07-26,2,80.9,completed
11884,350,21,2024-07-26,4,323.94,cancelled
11885,266,9,2024-07-26,1,44.03,cancelled
11886,281,17,2024-07-26,4,54.83,cancelled
11887,454,18,2024-07-26,3,17.66,completed
11888,261,20,2024-07-26,4,65.91,returned
11889,351,30,2024-07-26,3,139.26,cancelled
11890,390,30,2024-07-26,4,187.13,completed
11891,244,10,2024-07-26,4,685.91,completed
11892,439,30,2024-07-26,3,141.16,completed
11893,133,12,2024-07-27,1,90.82,cancelled
11894,321,26,2024-07-27,1,34.14,completed
11895,10,17,2024-07-27,3,41.73,completed
11896,317,11,2024-07-27,4,112.89,cancelled
11897,2,15,2024-07-27,1,123.04,cancelled
11898,471,22,2024-07-27,2,40.86,returned
11899,329,18,2024-07-28,2,11.64,completed
11900,133,27,2024-07-28,1,64.59,completed
11901,314,21,2024-07-28,1,80.68,returned
11902,133,17,2024-07-28,1,14.66,returned
11903,174,28,2024-07-28,4,129.62,completed
11904,214,26,2024-07-28,1,32.99,cancelled
11905,371,13,2024-07-28,3,158.62,completed
11906,467,24,2024-07-28,1,36.55,completed
11907,97,20,2024-07-28,3,51.86,returned
11908,445,4,2024-07-28,4,2185.85,completed
11909,422,13,2024-07-28,1,52.05,returned
11910,199,22,2024-07-29,1,19.79,completed
11911,65,18,2024-07-29,2,11.85,completed
11912,141,12,2024-07-29,2,181.94,cancelled
11913,376,23,2024-07-30,3,34.22,completed
11914,174,29,2024-07-30,3,122.86,completed
11915,266,11,2024-07-30,3,81.45,completed
11916,199,2,2024-07-30,2,827.91,returned
11917,350,6,2024-07-30,3,652.27,completed
11918,23,25,2024-07-30,1,55.3,completed
11919,84,28,2024-07-30,3,99.93,completed
11920,97,22,2024-07-30,4,85.84,returned
11921,381,28,2024-07-30,2,60.05,completed
11922,456,21,2024-07-31,1,75.36,cancelled
11923,125,9,2024-07-31,3,136.59,completed
11924,29,25,2024-07-31,2,116.59,completed
11925,249,22,2024-07-31,1,21.41,completed
11926,255,5,2024-07-31,3,421.47,completed
11927,366,21,2024-07-31,1,74.45,cancelled
11928,241,6,2024-07-31,1,218.46,returned
11929,479,7,2024-07-31,3,364.28,returned
11930,97,21,2024-07-31,2,154.57,completed
11931,43,17,2024-07-31,2,29.44,cancelled
11932,92,10,2024-08-01,2,338.48,completed
11933,185,10,2024-08-01,3,499.84,cancelled
11934,55,8,2024-08-01,4,160.4,completed
11935,458,20,2024-08-01,2,34.0,cancelled
11936,194,14,2024-08-01,4,530.72,returned
11937,311,18,2024-08-01,2,11.95,returned
11938,410,3,2024-08-02,4,3294.0,completed
11939,74,2,2024-08-02,4,1592.65,completed
11940,236,29,2024-08-02,1,44.1,returned
11941,121,24,2024-08-02,4,143.69,returned
11942,275,10,2024-08-02,1,157.87,cancelled
11943,174,18,2024-08-02,4,22.34,returned
11944,10,25,2024-08-02,4,228.72,returned
11945,417,20,2024-08-02,1,16.32,cancelled
11946,421,19,2024-08-02,1,24.75,returned
11947,10,29,2024-08-02,1,43.51,completed
11948,133,24,2024-08-02,2,70.33,cancelled
11949,393,20,2024-08-03,3,51.88,completed
11950,291,21,2024-08-03,4,315.21,cancelled
11951,426,12,2024-08-03,4,351.33,returned
11952,494,4,2024-08-03,1,577.46,cancelled
11953,332,11,2024-08-03,3,84.01,cancelled
11954,189,14,2024-08-03,3,406.47,completed
11955,309,16,2024-08-03,4,86.7,returned
11956,495,19,2024-08-03,4,102.82,completed
11957,262,23,2024-08-03,4,41.64,returned
11958,41,15,2024-08-04,4,526.61,completed
11959,27,1,2024-08-04,1,718.97,completed
11960,390,15,2024-08-04,1,126.29,completed
11961,384,15,2024-08-04,1,126.55,completed
11962,10,13,2024-08-04,2,105.75,cancelled
11963,242,5,2024-08-04,3,445.36,cancelled
11964,455,28,2024-08-04,3,96.52,returned
11965,93,24,2024-08-04,3,101.95,completed
11966,57,18,2024-08-04,3,17.17,cancelled
11967,480,24,2024-08-04,2,74.12,cancelled
11968,399,8,2024-08-05,2,79.43,completed
11969,273,21,2024-08-05,3,236.51,returned
11970,442,30,2024-08-05,2,96.9,cancelled
11971,94,5,2024-08-05,3,409.67,completed
11972,297,3,2024-08-05,3,2533.38,cancelled
11973,19,5,2024-08-05,3,417.67,cancelled
11974,24,4,2024-08-05,1,545.21,completed
11975,132,3,2024-08-05,3,2543.41,completed
11976,426,3,2024-08-06,4,3415.8,cancelled
11977,390,23,2024-08-06,4,41.58,completed
11978,126,16,2024-08-06,1,22.71,completed
11979,171,19,2024-08-06,3,79.35,cancelled
11980,340,26,2024-08-06,3,98.59,completed
11981,148,1,2024-08-06,2,1508.15,completed
11982,50,18,2024-08-06,2,11.28,returned
11983,38,26,2024-08-06,3,96.42,completed
11984,422,18,2024-08-06,4,23.63,cancelled
11985,266,18,2024-08-07,4,23.98,completed
11986,354,18,2024-08-07,1,5.61,completed
11987,188,16,2024-08-07,4,92.15,cancelled
11988,186,10,2024-08-07,2,340.08,cancelled
11989,317,9,2024-08-07,1,44.62,completed
11990,321,21,2024-08-07,3,243.42,completed
11991,433,26,2024-08-07,2,62.81,completed
11992,209,27,2024-08-07,2,121.39,cancelled
11993,44,11,2024-08-08,4,110.96,cancelled
11994,87,5,2024-08-08,1,138.31,completed
11995,19,11,2024-08-08,1,26.66,completed
11996,40,6,2024-08-08,4,808.87,completed
11997,390,22,2024-08-08,4,81.67,returned
11998,352,13,2024-08-08,3,159.25,completed
11999,205,16,2024-08-08,2,43.89,completed
12000,10,21,2024-08-08,3,233.59,completed
12001,476,27,2024-08-08,1,62.69,cancelled
12002,384,27,2024-08-08,2,126.01,completed
12003,154,12,2024-08-08,4,353.19,completed
12004,274,19,2024-08-09,1,26.39,cancelled
12005,134,8,2024-08-09,4,159.93,cancelled
12006,343,4,2024-08-09,1,567.81,completed
12007,279,7,2024-08-09,4,493.54,completed
12008,279,1,2024-08-09,1,693.0,returned
12009,255,14,2024-08-09,4,549.43,completed
12010,242,12,2024-08-09,1,94.57,completed
12011,353,11,2024-08-09,1,26.54,cancelled
12012,425,17,2024-08-09,1,13.43,completed
12013,454,6,2024-08-09,4,818.8,completed
12014,471,3,2024-08-09,2,1671.83,completed
12015,124,19,2024-08-09,1,25.71,completed
12016,422,1,2024-08-10,1,738.46,completed
12017,129,4,2024-08-10,2,1197.14,returned
12018,345,29,2024-08-10,4,165.08,completed
12019,384,26,2024-08-10,4,129.09,cancelled
12020,92,15,2024-08-10,1,126.2,completed
12021,345,19,2024-08-10,3,79.4,returned
12022,123,11,2024-08-10,3,80.67,completed
12023,174,1,2024-08-10,1,703.45,completed
12024,472,7,2024-08-10,2,247.87,returned
12025,186,18,2024-08-10,3,17.44,cancelled
12026,351,7,2024-08-11,2,242.11,completed
12027,108,8,2024-08-11,1,43.22,returned
12028,455,20,2024-08-11,4,68.37,cancelled
12029,443,2,2024-08-11,3,1210.15,cancelled
12030,118,30,2024-08-11,2,96.47,cancelled
12031,281,21,2024-08-11,4,299.51,returned
12032,233,22,2024-08-11,3,62.46,completed
12033,324,18,2024-08-11,1,5.52,cancelled
12034,273,29,2024-08-12,4,161.82,cancelled
12035,334,25,2024-08-12,1,55.82,returned
12036,10,17,2024-08-12,4,55.63,returned
12037,424,1,2024-08-12,2,1422.49,completed
12038,48,18,2024-08-12,3,17.72,completed
12039,373,13,2024-08-12,2,100.46,cancelled
12040,10,10,2024-08-12,4,632.28,completed
12041,17,19,2024-08-12,1,24.45,completed
12042,498,7,2024-08-13,4,490.11,returned
12043,31,11,2024-08-13,1,27.72,returned
12044,51,22,2024-08-13,4,87.04,cancelled
12045,277,13,2024-08-14,4,207.71,completed
12046,386,23,2024-08-14,4,45.37,completed
12047,273,2,2024-08-14,2,834.66,cancelled
12048,372,1,2024-08-14,1,701.77,completed
12049,10,6,2024-08-14,4,849.26,completed
12050,222,11,2024-08-14,4,111.99,completed
12051,495,6,2024-08-14,4,864.88,returned
12052,421,28,2024-08-14,4,133.32,completed
12053,268,13,2024-08-14,3,161.28,completed
12054,221,11,2024-08-14,4,111.13,completed
12055,51,25,2024-08-15,2,113.26,completed
12056,411,16,2024-08-15,4,88.0,completed
12057,422,6,2024-08-15,3,633.82,completed
12058,10,12,2024-08-15,2,191.14,completed
12059,150,19,2024-08-15,3,78.01,completed
12060,174,29,2024-08-15,2,87.61,cancelled
12061,159,10,2024-08-15,1,174.66,returned
12062,111,29,2024-08-16,3,124.12,cancelled
12063,376,17,2024-08-16,1,14.17,returned
12064,155,17,2024-08-16,1,13.72,completed
12065,139,26,2024-08-16,3,96.85,completed
12066,433,9,2024-08-16,1,46.13,returned
12067,311,7,2024-08-16,4,478.62,cancelled
12068,87,10,2024-08-16,2,327.6,completed
12069,10,26,2024-08-16,2,63.85,completed
12070,386,20,2024-08-16,1,17.98,completed
12071,66,21,2024-08-16,3,223.34,completed
12072,189,16,2024-08-16,2,46.43,cancelled
12073,244,25,2024-08-16,2,108.72,returned
12074,23,27,2024-08-16,3,193.84,returned
12075,242,22,2024-08-16,1,21.34,cancelled
12076,386,1,2024-08-16,2,1445.81,cancelled
12077,14,30,2024-08-17,4,190.99,cancelled
12078,294,25,2024-08-17,1,56.41,cancelled
12079,265,7,2024-08-17,1,118.63,completed
12080,237,24,2024-08-17,4,138.79,returned
12081,390,29,2024-08-17,2,87.04,returned
12082,273,7,2024-08-18,1,127.06,completed
12083,384,10,2024-08-18,4,663.6,returned
12084,285,21,2024-08-18,2,148.13,cancelled
12085,10,23,2024-08-18,2,21.88,cancelled
12086,92,21,2024-08-18,1,75.49,completed
12087,255,22,2024-08-18,4,84.41,completed
12088,273,27,2024-08-18,3,187.69,completed
12089,36,29,2024-08-18,1,44.71,completed
12090,142,26,2024-08-19,1,32.66,cancelled
12091,10,10,2024-08-19,3,496.55,completed
12092,135,16,2024-08-19,4,88.82,completed
12093,3,12,2024-08-19,3,267.07,cancelled
12094,120,6,2024-08-19,2,430.69,completed
12095,422,12,2024-08-19,3,286.2,completed
12096,57,18,2024-08-19,2,11.87,cancelled
12097,77,2,2024-08-20,1,409.76,completed
12098,225,19,2024-08-20,1,23.91,completed
12099,36,16,2024-08-20,2,44.53,returned
12100,59,8,2024-08-20,4,166.09,completed
12101,352,21,2024-08-20,3,229.26,completed
12102,20,4,2024-08-20,4,2186.1,completed
12103,345,5,2024-08-20,4,560.54,completed
12104,30,13,2024-08-20,4,218.81,completed
12105,74,9,2024-08-20,3,138.49,completed
12106,225,28,2024-08-20,2,61.31,cancelled
12107,445,11,2024-08-20,1,27.23,completed
12108,261,27,2024-08-20,4,253.99,completed
12109,234,24,2024-08-21,2,72.85,returned
12110,435,8,2024-08-21,4,171.12,completed
12111,10,24,2024-08-21,4,141.2,returned
12112,359,3,2024-08-21,1,829.28,completed
12113,10,17,2024-08-21,2,29.13,returned
12114,274,29,2024-08-21,2,86.44,completed
12115,255,9,2024-08-21,3,137.2,completed
12116,472,27,2024-08-21,2,130.34,completed
12117,123,9,2024-08-21,4,181.76,completed
12118,386,1,2024-08-21,4,2936.71,completed
12119,259,17,2024-08-21,4,58.84,returned
12120,277,28,2024-08-22,4,129.07,returned
12121,222,3,2024-08-22,2,1560.06,cancelled
12122,31,22,2024-08-22,4,85.13,completed
12123,370,5,2024-08-22,2,278.46,cancelled
12124,471,15,2024-08-22,2,261.09,completed
12125,141,5,2024-08-22,3,418.82,completed
12126,275,17,2024-08-22,4,53.89,completed
12127,242,13,2024-08-22,2,104.73,cancelled
12128,10,25,2024-08-22,1,57.96,completed
12129,413,9,2024-08-23,3,137.63,cancelled
12130,498,10,2024-08-23,1,162.54,cancelled
12131,182,30,2024-08-23,1,48.83,cancelled
12132,430,9,2024-08-23,4,184.8,cancelled
12133,312,19,2024-08-23,2,51.38,completed
12134,350,20,2024-08-23,1,16.58,completed
12135,277,1,2024-08-23,1,720.97,completed
12136,496,12,2024-08-23,1,88.42,cancelled
12137,121,22,2024-08-23,2,40.86,returned
12138,244,23,2024-08-23,1,11.46,completed
12139,10,28,2024-08-23,4,127.19,completed
12140,70,25,2024-08-23,4,230.45,completed
12141,259,1,2024-08-23,3,2290.15,returned
12142,321,1,2024-08-24,3,2169.82,completed
12143,141,30,2024-08-24,2,93.7,completed
12144,425,23,2024-08-24,1,11.19,cancelled
12145,390,9,2024-08-24,2,87.92,completed
12146,376,14,2024-08-24,2,258.25,cancelled
12147,306,17,2024-08-24,2,27.51,returned
12148,25,13,2024-08-24,3,155.7,completed
12149,345,15,2024-08-24,3,368.86,cancelled
12150,381,26,2024-08-25,3,96.47,completed
12151,196,1,2024-08-25,1,738.38,cancelled
12152,498,30,2024-08-25,1,45.8,completed
12153,10,6,2024-08-25,4,822.16,returned
12154,298,16,2024-08-25,4,87.1,returned
12155,30,23,2024-08-25,2,21.0,completed
12156,115,2,2024-08-25,1,386.84,completed
12157,480,5,2024-08-25,2,279.52,completed
12158,200,12,2024-08-25,1,93.54,completed
12159,204,15,2024-08-25,2,253.98,returned
12160,125,15,2024-08-25,1,131.58,cancelled
12161,467,16,2024-08-25,3,67.01,completed
12162,77,22,2024-08-25,2,41.62,cancelled
12163,38,8,2024-08-25,1,41.15,cancelled
12164,190,10,2024-08-26,3,518.98,returned
12165,255,12,2024-08-26,1,94.3,completed
12166,4,30,2024-08-26,1,47.31,completed
12167,259,6,2024-08-26,2,411.67,completed
12168,410,24,2024-08-26,3,111.41,completed
12169,150,7,2024-08-26,2,244.64,cancelled
12170,265,19,2024-08-26,2,51.05,returned
12171,400,14,2024-08-26,1,140.53,completed
12172,335,24,2024-08-26,1,36.24,completed
12173,230,1,2024-08-27,4,3035.99,cancelled
12174,7,29,2024-08-27,3,127.39,completed
12175,271,5,2024-08-27,4,566.93,completed
12176,262,2,2024-08-27,3,1225.96,completed
12177,57,15,2024-08-27,2,242.98,completed
12178,248,21,2024-08-27,3,226.45,returned
12179,345,1,2024-08-27,3,2255.78,completed
12180,404,5,2024-08-27,3,420.66,completed
12181,438,21,2024-08-27,1,74.64,returned
12182,376,7,2024-08-28,4,486.2,completed
12183,10,19,2024-08-28,2,52.09,returned
12184,233,20,2024-08-28,4,65.13,cancelled
12185,422,14,2024-08-28,4,558.33,completed
12186,10,9,2024-08-28,4,185.39,completed
12187,234,6,2024-08-28,1,210.79,returned
12188,242,14,2024-08-29,4,513.75,completed
12189,38,11,2024-08-29,3,78.15,completed
12190,403,20,2024-08-29,3,49.5,completed
12191,208,1,2024-08-29,4,3041.18,completed
12192,444,27,2024-08-29,4,238.91,cancelled
12193,69,15,2024-08-29,3,361.53,completed
12194,59,4,2024-08-29,1,561.86,cancelled
12195,241,13,2024-08-29,4,207.58,returned
12196,404,6,2024-08-29,4,808.09,cancelled
12197,440,25,2024-08-30,3,179.31,completed
12198,451,18,2024-08-30,2,11.5,returned
12199,4,10,2024-08-30,3,496.1,returned
12200,200,15,2024-08-30,2,264.91,completed
12201,337,7,2024-08-30,4,490.03,completed
12202,355,12,2024-08-30,1,95.92,cancelled
12203,277,14,2024-08-30,2,272.33,completed
12204,10,14,2024-08-30,1,131.62,returned
12205,332,2,2024-08-30,1,421.5,completed
12206,345,8,2024-08-31,3,119.19,completed
12207,108,23,2024-08-31,1,10.76,completed
12208,345,26,2024-08-31,2,64.23,completed
12209,94,21,2024-08-31,1,81.37,returned
12210,357,16,2024-08-31,1,21.46,cancelled
12211,198,12,2024-08-31,3,270.88,cancelled
12212,452,24,2024-08-31,2,67.38,completed
12213,408,24,2024-09-01,2,71.8,returned
12214,93,17,2024-09-01,3,39.95,completed
12215,92,7,2024-09-01,4,500.71,completed
12216,262,9,2024-09-01,3,135.16,completed
12217,433,9,2024-09-02,3,135.25,cancelled
12218,396,11,2024-09-02,2,51.95,returned
12219,460,26,2024-09-02,4,137.47,returned
12220,23,10,2024-09-02,4,694.92,returned
12221,288,5,2024-09-02,3,410.45,completed
12222,20,11,2024-09-02,3,82.11,completed
12223,329,28,2024-09-02,4,125.47,completed
12224,266,27,2024-09-03,1,64.18,completed
12225,288,14,2024-09-03,2,269.01,returned
12226,199,21,2024-09-03,4,312.13,completed
12227,353,6,2024-09-03,1,205.63,returned
12228,190,23,2024-09-03,3,33.79,cancelled
12229,23,26,2024-09-03,1,33.26,cancelled
12230,275,5,2024-09-04,1,147.74,completed
12231,390,25,2024-09-04,4,223.13,completed
12232,455,30,2024-09-04,4,191.47,completed
12233,10,2,2024-09-04,1,389.9,completed
12234,390,17,2024-09-04,1,13.5,completed
12235,174,5,2024-09-04,2,289.6,cancelled
12236,208,4,2024-09-04,2,1116.95,completed
12237,99,17,2024-09-04,4,57.85,completed
12238,208,5,2024-09-04,3,416.93,cancelled
12239,150,25,2024-09-04,2,108.96,cancelled
12240,122,29,2024-09-04,1,40.34,completed
12241,405,14,2024-09-04,3,397.19,completed
12242,280,22,2024-09-04,3,62.06,cancelled
12243,10,23,2024-09-05,1,10.94,completed
12244,174,21,2024-09-05,2,161.74,completed
12245,194,7,2024-09-05,4,468.6,completed
12246,225,3,2024-09-05,4,3130.03,returned
12247,126,20,2024-09-05,1,16.33,completed
12248,422,11,2024-09-05,2,52.09,returned
12249,277,17,2024-09-05,1,13.48,completed
12250,40,20,2024-09-05,1,17.04,completed
12251,255,20,2024-09-05,2,32.92,cancelled
12252,189,18,2024-09-05,1,6.01,completed
12253,318,17,2024-09-05,2,29.57,completed
12254,89,20,2024-09-05,1,17.1,completed
12255,411,6,2024-09-05,2,423.98,completed
12256,10,2,2024-09-06,2,849.52,completed
12257,261,9,2024-09-06,2,90.32,completed
12258,320,24,2024-09-06,2,67.62,completed
12259,411,4,2024-09-06,2,1186.66,completed
12260,29,24,2024-09-06,4,148.33,completed
12261,352,29,2024-09-06,3,120.94,completed
12262,325,19,2024-09-06,1,25.65,completed
12263,396,19,2024-09-06,3,77.56,completed
12264,255,21,2024-09-06,2,153.84,cancelled
12265,455,21,2024-09-06,4,312.2,completed
12266,106,10,2024-09-07,4,646.36,cancelled
12267,227,3,2024-09-07,3,2545.23,cancelled
12268,189,3,2024-09-07,2,1564.75,completed
12269,3,23,2024-09-07,2,22.38,returned
12270,410,18,2024-09-07,3,18.21,completed
12271,227,30,2024-09-07,2,94.75,returned
12272,112,14,2024-09-07,3,408.87,completed
12273,380,27,2024-09-07,1,61.79,completed
12274,273,22,2024-09-07,2,39.82,completed
12275,59,14,2024-09-07,4,527.46,completed
12276,300,24,2024-09-08,4,143.77,returned
12277,343,20,2024-09-08,3,52.45,completed
12278,476,28,2024-09-08,4,130.84,cancelled
12279,353,28,2024-09-08,2,61.09,completed
12280,390,4,2024-09-08,1,590.24,completed
12281,61,11,2024-09-08,4,109.82,completed
12282,470,26,2024-09-08,4,133.42,completed
12283,194,7,2024-09-08,3,375.8,returned
12284,297,7,2024-09-08,4,477.17,completed
12285,10,2,2024-09-08,1,393.3,cancelled
12286,494,14,2024-09-08,2,263.0,cancelled
12287,87,20,2024-09-08,3,52.31,completed
12288,187,25,2024-09-08,3,178.14,completed
12289,480,6,2024-09-09,4,877.85,cancelled
12290,80,1,2024-09-09,1,712.57,returned
12291,421,9,2024-09-09,3,130.77,cancelled
12292,15,27,2024-09-09,4,250.47,returned
12293,312,15,2024-09-09,3,368.77,completed
12294,422,13,2024-09-09,2,98.93,cancelled
12295,188,30,2024-09-09,2,97.03,completed
12296,322,10,2024-09-09,4,672.14,completed
12297,10,27,2024-09-09,4,257.45,returned
12298,40,29,2024-09-09,1,43.91,cancelled
12299,419,29,2024-09-10,3,125.27,completed
12300,310,23,2024-09-10,4,43.14,returned
12301,46,20,2024-09-10,1,18.0,cancelled
12302,325,17,2024-09-10,3,42.95,completed
12303,424,5,2024-09-10,3,425.36,completed
12304,386,24,2024-09-10,3,111.0,completed
12305,10,16,2024-09-10,1,21.06,returned
12306,208,11,2024-09-10,1,27.86,cancelled
12307,273,10,2024-09-10,3,486.36,completed
12308,295,1,2024-09-11,4,2927.7,completed
12309,23,8,2024-09-11,2,83.55,completed
12310,414,10,2024-09-11,3,515.66,cancelled
12311,285,5,2024-09-11,4,576.11,returned
12312,28,27,2024-09-12,3,191.38,completed
12313,376,26,2024-09-12,2,68.46,completed
12314,386,3,2024-09-12,2,1666.15,cancelled
12315,10,27,2024-09-12,3,192.45,completed
12316,10,2,2024-09-12,3,1222.23,returned
12317,133,30,2024-09-12,4,184.61,completed
12318,258,24,2024-09-12,4,147.17,cancelled
12319,422,9,2024-09-12,4,177.4,returned
12320,187,28,2024-09-12,4,132.5,returned
12321,345,17,2024-09-13,2,28.91,cancelled
12322,142,7,2024-09-13,1,116.8,completed
12323,334,24,2024-09-13,4,145.65,completed
12324,200,11,2024-09-13,1,27.82,completed
12325,57,20,2024-09-13,2,34.97,completed
12326,376,6,2024-09-13,2,429.26,completed
12327,82,27,2024-09-13,1,64.89,completed
12328,295,5,2024-09-13,1,134.41,completed
12329,263,5,2024-09-14,2,288.51,cancelled
12330,23,11,2024-09-14,4,112.99,completed
12331,94,28,2024-09-14,1,30.4,completed
12332,10,18,2024-09-14,4,22.53,cancelled
12333,142,20,2024-09-14,4,68.22,returned
12334,127,13,2024-09-14,2,102.21,completed
12335,10,5,2024-09-14,4,558.83,returned
12336,291,30,2024-09-14,3,138.04,returned
12337,6,22,2024-09-15,4,79.29,completed
12338,366,8,2024-09-15,4,163.44,cancelled
12339,94,22,2024-09-15,3,61.92,completed
12340,369,21,2024-09-15,4,295.59,returned
12341,277,17,2024-09-15,4,54.53,completed
12342,364,20,2024-09-15,3,53.98,returned
12343,241,27,2024-09-15,1,63.26,cancelled
12344,138,7,2024-09-15,2,229.48,cancelled
12345,133,21,2024-09-15,3,232.48,completed
12346,361,8,2024-09-15,4,160.02,cancelled
12347,225,26,2024-09-16,4,127.2,returned
12348,389,8,2024-09-16,1,40.42,completed
12349,317,27,2024-09-16,2,126.31,returned
12350,141,24,2024-09-16,1,34.88,completed
12351,10,25,2024-09-16,2,117.43,cancelled
12352,133,27,2024-09-16,4,251.13,returned
12353,10,21,2024-09-16,2,161.7,returned
12354,16,14,2024-09-16,3,392.65,returned
12355,364,5,2024-09-16,3,428.31,completed
12356,340,23,2024-09-16,2,23.01,completed
12357,217,2,2024-09-16,3,1242.69,cancelled
12358,95,26,2024-09-16,4,126.05,completed
12359,158,7,2024-09-17,2,232.53,returned
12360,262,11,2024-09-17,4,108.47,returned
12361,84,22,2024-09-17,3,62.88,completed
12362,478,30,2024-09-17,4,183.55,completed
12363,255,17,2024-09-17,2,27.74,completed
12364,182,24,2024-09-17,3,104.32,completed
12365,273,23,2024-09-17,3,31.5,completed
12366,403,23,2024-09-17,3,31.68,returned
12367,136,14,2024-09-17,2,260.69,completed
12368,14,3,2024-09-17,2,1613.68,returned
12369,40,10,2024-09-17,1,167.42,completed
12370,142,19,2024-09-18,4,104.69,returned
12371,455,9,2024-09-18,1,44.55,completed
12372,141,10,2024-09-18,3,497.77,completed
12373,150,16,2024-09-18,4,85.04,returned
12374,449,8,2024-09-18,1,42.06,completed
12375,23,1,2024-09-19,3,2270.53,completed
12376,181,27,2024-09-19,3,180.43,completed
12377,131,7,2024-09-19,4,492.73,returned
12378,490,17,2024-09-19,4,53.72,cancelled
12379,10,16,2024-09-19,1,21.65,completed
12380,20,3,2024-09-19,2,1665.31,completed
12381,455,21,2024-09-19,2,154.42,completed
12382,208,6,2024-09-19,4,872.0,completed
12383,349,29,2024-09-19,4,168.87,completed
12384,97,8,2024-09-20,1,41.19,returned
12385,104,8,2024-09-20,2,83.82,completed
12386,23,23,2024-09-20,3,34.32,cancelled
12387,24,8,2024-09-20,2,85.05,completed
12388,92,20,2024-09-20,2,35.54,completed
12389,427,6,2024-09-20,1,216.99,completed
12390,4,10,2024-09-21,2,334.9,completed
12391,74,21,2024-09-21,3,230.4,completed
12392,377,12,2024-09-21,2,180.38,returned
12393,334,14,2024-09-21,4,529.22,completed
12394,84,29,2024-09-21,4,169.99,cancelled
12395,92,30,2024-09-21,4,191.14,returned
12396,6,1,2024-09-21,2,1488.18,completed
12397,360,8,2024-09-22,4,160.59,completed
12398,295,24,2024-09-22,3,101.6,completed
12399,363,19,2024-09-22,2,52.16,completed
12400,322,23,2024-09-22,1,10.66,completed
12401,280,1,2024-09-22,2,1464.42,completed
12402,362,1,2024-09-22,3,2079.86,cancelled
12403,396,15,2024-09-22,4,493.03,cancelled
12404,253,2,2024-09-22,2,852.37,completed
12405,400,18,2024-09-22,4,22.19,returned
12406,10,29,2024-09-22,2,89.37,returned
12407,188,1,2024-09-22,4,2791.39,cancelled
12408,186,29,2024-09-22,2,86.17,completed
12409,497,17,2024-09-22,4,55.47,cancelled
12410,14,17,2024-09-23,2,28.94,cancelled
12411,136,29,2024-09-23,2,80.93,completed
12412,351,2,2024-09-23,3,1180.06,returned
12413,235,8,2024-09-24,3,131.53,cancelled
12414,103,7,2024-09-24,2,253.63,completed
12415,77,30,2024-09-24,4,192.35,cancelled
12416,354,5,2024-09-24,2,286.69,completed
12417,334,2,2024-09-24,2,777.29,cancelled
12418,97,18,2024-09-24,1,5.79,completed
12419,439,4,2024-09-24,2,1145.31,returned
12420,240,22,2024-09-24,3,63.15,completed
12421,353,22,2024-09-24,2,40.91,cancelled
12422,481,24,2024-09-25,3,109.52,cancelled
12423,427,26,2024-09-25,2,67.75,completed
12424,317,13,2024-09-25,2,103.18,completed
12425,40,9,2024-09-25,1,42.39,cancelled
12426,74,13,2024-09-25,4,204.91,completed
12427,396,25,2024-09-25,1,56.18,completed
12428,255,5,2024-09-25,2,271.96,completed
12429,260,19,2024-09-25,1,25.2,completed
12430,10,23,2024-09-26,3,34.07,cancelled
12431,241,10,2024-09-26,3,478.94,completed
12432,396,22,2024-09-26,4,87.11,cancelled
12433,273,3,2024-09-26,1,800.25,cancelled
12434,195,30,2024-09-26,3,136.43,completed
12435,23,26,2024-09-26,4,124.5,cancelled
12436,106,24,2024-09-26,2,72.66,completed
12437,27,30,2024-09-26,1,49.15,cancelled
12438,128,5,2024-09-27,4,590.72,completed
12439,112,1,2024-09-27,4,2989.2,completed
12440,255,15,2024-09-27,1,128.64,returned
12441,10,13,2024-09-27,3,149.74,completed
12442,461,8,2024-09-27,3,122.27,completed
12443,277,6,2024-09-27,3,622.73,returned
12444,240,4,2024-09-27,4,2183.97,completed
12445,196,12,2024-09-27,1,91.56,completed
12446,255,29,2024-09-27,3,132.08,cancelled
12447,42,19,2024-09-28,2,50.16,completed
12448,203,20,2024-09-28,1,16.49,completed
12449,472,23,2024-09-28,1,11.2,completed
12450,273,17,2024-09-28,1,13.62,cancelled
12451,49,5,2024-09-28,3,438.8,completed
12452,321,21,2024-09-28,2,156.41,completed
12453,241,10,2024-09-28,3,487.84,completed
12454,471,3,2024-09-28,1,832.52,completed
12455,3,13,2024-09-28,1,49.41,returned
12456,118,2,2024-09-28,4,1664.26,completed
12457,301,15,2024-09-29,1,126.6,completed
12458,3,13,2024-09-29,2,107.76,completed
12459,251,1,2024-09-29,3,2218.42,completed
12460,97,20,2024-09-29,2,33.78,completed
12461,191,16,2024-09-30,1,22.66,cancelled
12462,48,25,2024-09-30,1,57.09,cancelled
12463,143,20,2024-09-30,2,34.98,returned
12464,376,6,2024-09-30,3,612.32,cancelled
12465,255,9,2024-09-30,2,93.2,cancelled
12466,278,9,2024-09-30,2,84.53,completed
12467,474,19,2024-09-30,3,73.62,completed
12468,259,21,2024-09-30,3,230.74,completed
12469,336,15,2024-10-01,4,521.98,completed
12470,163,30,2024-10-01,1,48.75,cancelled
12471,262,20,2024-10-01,1,17.48,completed
12472,195,7,2024-10-01,4,502.16,completed
12473,358,9,2024-10-01,2,90.83,completed
12474,119,24,2024-10-01,1,36.95,returned
12475,345,13,2024-10-01,2,106.33,returned
12476,77,22,2024-10-01,2,41.3,completed
12477,396,15,2024-10-01,2,241.67,completed
12478,174,29,2024-10-01,2,86.63,returned
12479,233,10,2024-10-01,4,658.11,completed
12480,413,14,2024-10-02,1,133.12,returned
12481,114,19,2024-10-02,2,50.98,cancelled
12482,67,22,2024-10-02,4,82.52,completed
12483,141,16,2024-10-02,1,21.03,returned
12484,301,21,2024-10-02,1,74.06,completed
12485,16,26,2024-10-02,2,63.27,completed
12486,439,25,2024-10-02,4,232.9,completed
12487,422,23,2024-10-02,1,10.64,completed
12488,115,24,2024-10-02,2,71.84,returned
12489,277,16,2024-10-02,1,22.26,completed
12490,27,26,2024-10-02,2,65.5,completed
12491,279,28,2024-10-03,3,98.43,completed
12492,112,18,2024-10-03,2,11.78,returned
12493,335,15,2024-10-03,2,243.53,completed
12494,208,10,2024-10-03,1,168.59,returned
12495,345,15,2024-10-03,3,360.12,completed
12496,77,21,2024-10-03,3,236.76,completed
12497,343,18,2024-10-04,3,16.65,completed
12498,462,23,2024-10-04,1,11.16,completed
12499,451,28,2024-10-04,3,90.07,completed
12500,497,8,2024-10-04,4,158.48,completed
12501,472,28,2024-10-04,3,98.02,completed
12502,150,6,2024-10-04,1,218.89,completed
12503,142,21,2024-10-05,3,232.25,completed
12504,279,1,2024-10-05,1,755.19,completed
12505,92,9,2024-10-05,4,174.65,completed
12506,1,2,2024-10-05,3,1253.76,cancelled
12507,472,23,2024-10-05,1,10.65,completed
12508,437,14,2024-10-05,3,406.87,returned
12509,76,25,2024-10-05,3,163.33,returned
12510,80,12,2024-10-05,1,93.67,returned
12511,368,6,2024-10-05,3,609.86,cancelled
12512,84,22,2024-10-06,1,21.45,completed
12513,277,4,2024-10-06,3,1637.94,returned
12514,62,11,2024-10-06,1,27.91,completed
12515,376,21,2024-10-06,1,80.13,completed
12516,260,6,2024-10-06,1,203.74,completed
12517,10,30,2024-10-06,4,193.65,completed
12518,141,8,2024-10-06,1,42.57,completed
12519,328,10,2024-10-06,2,327.01,completed
12520,308,15,2024-10-06,4,487.9,completed
12521,370,4,2024-10-06,1,560.36,completed
12522,422,19,2024-10-06,4,105.27,completed
12523,15,25,2024-10-07,2,108.99,completed
12524,477,27,2024-10-07,1,65.53,completed
12525,147,29,2024-10-07,2,82.2,completed
12526,384,8,2024-10-07,3,118.79,completed
12527,479,17,2024-10-07,2,26.74,completed
12528,273,19,2024-10-07,3,73.2,returned
12529,421,15,2024-10-07,2,263.79,cancelled
12530,273,29,2024-10-07,2,84.85,cancelled
12531,81,7,2024-10-08,3,347.41,completed
12532,373,18,2024-10-08,2,11.34,completed
12533,97,17,2024-10-08,1,14.74,completed
12534,191,5,2024-10-08,4,586.58,completed
12535,93,19,2024-10-08,2,50.78,cancelled
12536,133,19,2024-10-08,1,24.59,returned
12537,376,7,2024-10-08,2,244.81,completed
12538,372,26,2024-10-08,3,102.63,returned
12539,300,24,2024-10-08,4,148.91,returned
12540,70,11,2024-10-08,1,27.82,completed
12541,241,20,2024-10-08,3,49.64,completed
12542,396,18,2024-10-09,3,17.39,completed
12543,451,3,2024-10-09,2,1710.72,completed
12544,273,1,2024-10-09,4,3005.41,completed
12545,191,16,2024-10-09,1,22.09,returned
12546,244,22,2024-10-09,3,61.25,completed
12547,390,15,2024-10-09,3,371.54,cancelled
12548,23,3,2024-10-09,2,1669.01,completed
12549,471,15,2024-10-09,3,384.74,completed
12550,352,9,2024-10-10,4,173.06,completed
12551,58,10,2024-10-10,1,161.18,returned
12552,55,29,2024-10-10,1,44.36,cancelled
12553,234,13,2024-10-10,1,49.67,completed
12554,390,25,2024-10-10,3,178.44,cancelled
12555,342,28,2024-10-11,4,124.06,completed
12556,235,12,2024-10-11,1,96.03,returned
12557,67,20,2024-10-11,1,17.89,completed
12558,380,21,2024-10-11,1,76.15,completed
12559,376,5,2024-10-11,3,418.71,cancelled
12560,92,21,2024-10-11,2,154.99,completed
12561,10,25,2024-10-11,3,175.5,completed
12562,259,21,2024-10-11,3,224.56,completed
12563,279,30,2024-10-11,2,96.92,returned
12564,334,27,2024-10-11,3,184.71,completed
12565,109,20,2024-10-12,3,51.83,completed
12566,154,22,2024-10-12,3,62.0,completed
12567,69,8,2024-10-12,3,128.48,completed
12568,458,2,2024-10-12,2,789.94,completed
12569,325,4,2024-10-12,4,2194.79,completed
12570,103,28,2024-10-12,4,125.53,completed
12571,30,14,2024-10-13,3,397.41,completed
12572,220,15,2024-10-13,4,479.89,completed
12573,23,23,2024-10-13,1,11.15,completed
12574,275,11,2024-10-13,1,27.78,completed
12575,200,6,2024-10-13,2,425.12,completed
12576,376,5,2024-10-13,1,148.17,completed
12577,427,12,2024-10-13,2,189.84,completed
12578,46,5,2024-10-13,2,293.5,completed
12579,56,6,2024-10-13,2,433.43,returned
12580,268,5,2024-10-13,3,430.32,returned
12581,92,27,2024-10-13,3,194.2,completed
12582,439,12,2024-10-13,1,89.75,cancelled
12583,23,23,2024-10-14,1,10.42,completed
12584,10,24,2024-10-14,2,70.76,completed
12585,310,5,2024-10-14,2,285.89,completed
12586,492,2,2024-10-14,2,839.74,returned
12587,142,19,2024-10-14,2,50.5,returned
12588,10,12,2024-10-14,1,90.27,completed
12589,20,9,2024-10-14,1,44.51,completed
12590,199,13,2024-10-14,4,203.53,completed
12591,372,22,2024-10-14,3,59.88,cancelled
12592,345,26,2024-10-14,2,67.86,returned
12593,109,22,2024-10-14,4,86.78,cancelled
12594,376,25,2024-10-14,3,173.67,returned
12595,110,15,2024-10-15,1,123.35,completed
12596,264,5,2024-10-15,4,559.95,returned
12597,1,12,2024-10-15,2,178.35,completed
12598,281,25,2024-10-15,2,110.38,completed
12599,376,24,2024-10-15,3,101.09,completed
12600,325,29,2024-10-15,4,169.92,completed
12601,235,14,2024-10-15,2,273.19,returned
12602,23,1,2024-10-15,1,763.85,completed
12603,56,24,2024-10-15,4,148.36,completed
12604,453,12,2024-10-15,4,363.31,completed
12605,390,17,2024-10-15,4,58.11,cancelled
12606,172,30,2024-10-16,2,95.86,completed
12607,173,26,2024-10-16,3,98.8,completed
12608,299,17,2024-10-16,2,27.76,completed
12609,397,14,2024-10-16,1,126.92,returned
12610,12,25,2024-10-16,4,217.02,completed
12611,253,30,2024-10-17,1,47.28,cancelled
12612,23,26,2024-10-17,2,65.92,cancelled
12613,207,15,2024-10-17,4,519.3,completed
12614,282,11,2024-10-17,3,83.03,returned
12615,3,4,2024-10-17,1,544.62,completed
12616,410,17,2024-10-17,2,28.68,completed
12617,286,2,2024-10-17,2,851.26,completed
12618,345,24,2024-10-18,2,69.72,completed
12619,345,14,2024-10-18,4,540.34,returned
12620,463,21,2024-10-18,1,78.57,cancelled
12621,135,13,2024-10-18,4,203.39,completed
12622,133,13,2024-10-18,4,201.55,completed
12623,455,17,2024-10-18,1,14.39,cancelled
12624,368,3,2024-10-18,2,1553.37,cancelled
12625,24,16,2024-10-19,1,21.31,completed
12626,390,8,2024-10-19,2,81.66,returned
12627,10,30,2024-10-19,4,197.05,cancelled
12628,236,8,2024-10-19,1,41.86,completed
12629,410,21,2024-10-19,4,303.17,completed
12630,133,25,2024-10-19,4,235.16,completed
12631,27,10,2024-10-19,3,515.87,completed
12632,371,28,2024-10-19,3,91.89,returned
12633,426,15,2024-10-19,3,372.06,cancelled
12634,390,13,2024-10-19,4,206.05,returned
12635,314,11,2024-10-19,1,25.67,completed
12636,304,14,2024-10-20,4,540.33,completed
12637,112,26,2024-10-20,3,102.48,completed
12638,421,14,2024-10-20,2,279.59,cancelled
12639,10,7,2024-10-20,2,249.75,completed
12640,87,8,2024-10-20,1,42.35,completed
12641,277,21,2024-10-20,1,81.27,cancelled
12642,461,2,2024-10-21,2,834.21,cancelled
12643,3,2,2024-10-21,1,420.87,completed
12644,110,27,2024-10-21,1,62.2,completed
12645,112,26,2024-10-21,2,69.08,completed
12646,306,27,2024-10-21,4,252.54,cancelled
12647,175,6,2024-10-21,1,206.88,cancelled
12648,130,17,2024-10-21,3,43.48,completed
12649,174,30,2024-10-21,4,187.72,completed
12650,174,24,2024-10-22,4,138.33,completed
12651,150,12,2024-10-22,4,371.42,completed
12652,222,1,2024-10-22,4,3028.11,completed
12653,386,3,2024-10-22,1,815.03,completed
12654,390,24,2024-10-22,2,70.18,returned
12655,141,20,2024-10-22,3,51.96,cancelled
12656,195,12,2024-10-22,4,348.89,cancelled
12657,371,6,2024-10-22,2,407.17,completed
12658,471,28,2024-10-23,2,60.91,cancelled
12659,3,27,2024-10-23,1,64.68,completed
12660,262,22,2024-10-23,3,63.16,returned
12661,438,25,2024-10-23,4,221.1,completed
12662,10,14,2024-10-23,2,259.15,cancelled
12663,10,6,2024-10-23,4,851.19,returned
12664,97,5,2024-10-23,2,285.79,completed
12665,368,18,2024-10-24,2,12.21,returned
12666,277,30,2024-10-24,2,95.36,completed
12667,10,30,2024-10-24,4,194.53,completed
12668,337,29,2024-10-24,4,167.88,completed
12669,424,4,2024-10-24,4,2185.9,completed
12670,23,19,2024-10-24,3,79.31,completed
12671,154,5,2024-10-24,2,272.4,completed
12672,216,11,2024-10-24,1,27.26,returned
12673,308,3,2024-10-24,3,2360.85,returned
12674,210,8,2024-10-25,2,84.79,returned
12675,481,21,2024-10-25,2,162.09,completed
12676,198,8,2024-10-25,2,83.6,cancelled
12677,140,5,2024-10-25,2,286.7,completed
12678,353,5,2024-10-25,3,408.34,completed
12679,340,26,2024-10-25,2,63.18,completed
12680,315,13,2024-10-25,1,53.19,returned
12681,10,10,2024-10-25,3,522.15,returned
12682,369,23,2024-10-25,1,11.07,cancelled
12683,143,29,2024-10-26,4,161.26,completed
12684,390,7,2024-10-26,4,467.24,cancelled
12685,174,20,2024-10-26,4,67.49,completed
12686,123,2,2024-10-26,4,1655.35,cancelled
12687,16,20,2024-10-26,4,70.99,cancelled
12688,241,25,2024-10-26,3,167.65,completed
12689,365,18,2024-10-26,2,12.23,completed
12690,390,10,2024-10-26,1,169.51,completed
12691,8,1,2024-10-26,4,2844.23,completed
12692,112,4,2024-10-26,4,2176.27,completed
12693,35,11,2024-10-27,3,78.97,cancelled
12694,273,4,2024-10-27,2,1149.47,completed
12695,16,3,2024-10-27,3,2441.42,returned
12696,429,1,2024-10-27,4,2796.03,returned
12697,240,15,2024-10-27,4,512.7,completed
12698,57,9,2024-10-27,2,88.86,returned
12699,84,16,2024-10-27,4,91.68,completed
12700,333,7,2024-10-27,1,126.87,cancelled
12701,112,5,2024-10-28,3,437.22,cancelled
12702,259,15,2024-10-28,2,252.77,cancelled
12703,445,30,2024-10-28,1,46.12,completed
12704,380,20,2024-10-28,1,16.39,completed
12705,200,25,2024-10-28,4,236.27,completed
12706,87,5,2024-10-28,3,445.28,completed
12707,125,22,2024-10-29,4,86.83,completed
12708,10,9,2024-10-29,1,42.28,completed
12709,390,6,2024-10-29,4,822.63,completed
12710,494,4,2024-10-29,3,1649.08,completed
12711,141,7,2024-10-30,2,237.05,completed
12712,10,27,2024-10-30,4,262.38,completed
12713,10,2,2024-10-30,4,1686.99,completed
12714,132,11,2024-10-30,3,81.65,completed
12715,18,5,2024-10-30,3,403.26,completed
12716,363,7,2024-10-30,1,118.54,completed
12717,174,6,2024-10-30,2,416.6,completed
12718,322,11,2024-10-30,1,27.54,returned
12719,255,4,2024-10-30,4,2345.37,returned
12720,386,19,2024-10-30,3,76.06,completed
12721,101,21,2024-10-30,2,149.66,completed
12722,327,19,2024-10-30,3,73.02,completed
12723,108,18,2024-10-31,1,6.1,returned
12724,298,18,2024-10-31,4,23.13,completed
12725,431,2,2024-10-31,2,780.97,returned
12726,133,2,2024-10-31,2,797.15,cancelled
12727,426,9,2024-10-31,3,127.34,completed
12728,10,14,2024-10-31,3,412.9,returned
12729,3,10,2024-10-31,1,165.21,completed
12730,142,9,2024-10-31,1,43.53,cancelled
12731,113,3,2024-11-01,2,1640.0,returned
12732,30,9,2024-11-01,3,128.84,completed
12733,324,25,2024-11-01,2,113.31,completed
12734,273,7,2024-11-01,4,496.62,cancelled
12735,422,3,2024-11-01,3,2384.8,completed
12736,133,24,2024-11-01,2,73.19,completed
12737,277,2,2024-11-01,4,1618.98,cancelled
12738,260,18,2024-11-02,4,22.56,completed
12739,10,28,2024-11-02,2,61.06,cancelled
12740,9,4,2024-11-02,4,2340.49,returned
12741,142,18,2024-11-02,2,11.55,completed
12742,315,27,2024-11-02,4,248.33,completed
12743,97,6,2024-11-02,1,218.87,returned
12744,480,25,2024-11-02,4,227.49,completed
12745,416,27,2024-11-02,3,179.22,completed
12746,353,7,2024-11-02,1,120.53,completed
12747,94,22,2024-11-02,4,80.81,returned
12748,390,17,2024-11-02,4,56.69,returned
12749,10,5,2024-11-02,1,134.55,cancelled
12750,241,5,2024-11-02,4,558.04,completed
12751,480,6,2024-11-03,4,825.23,completed
12752,178,5,2024-11-03,3,438.48,completed
12753,104,28,2024-11-03,2,61.56,completed
12754,422,14,2024-11-03,1,128.65,completed
12755,376,27,2024-11-03,4,262.77,returned
12756,254,21,2024-11-03,2,153.83,cancelled
12757,471,1,2024-11-04,3,2265.01,cancelled
12758,174,4,2024-11-04,3,1793.72,completed
12759,181,19,2024-11-04,4,96.07,returned
12760,129,21,2024-11-04,4,302.5,cancelled
12761,10,4,2024-11-04,1,570.27,returned
12762,465,17,2024-11-04,1,13.79,completed
12763,109,15,2024-11-04,4,486.23,completed
12764,281,6,2024-11-04,4,838.19,cancelled
12765,316,3,2024-11-04,2,1684.5,completed
12766,279,23,2024-11-04,2,21.86,returned
12767,106,10,2024-11-05,3,486.75,cancelled
12768,10,1,2024-11-05,1,719.53,cancelled
12769,277,21,2024-11-05,3,238.26,completed
12770,134,20,2024-11-05,4,66.94,completed
12771,191,1,2024-11-05,3,2256.0,completed
12772,380,17,2024-11-05,2,27.76,completed
12773,374,7,2024-11-05,3,367.44,returned
12774,376,22,2024-11-05,1,19.89,completed
12775,162,23,2024-11-05,1,11.37,completed
12776,324,19,2024-11-05,4,104.71,returned
12777,397,9,2024-11-05,1,44.58,completed
12778,104,19,2024-11-06,2,48.47,returned
12779,100,9,2024-11-06,1,43.52,returned
12780,10,7,2024-11-06,3,382.13,completed
12781,153,10,2024-11-06,2,330.94,returned
12782,236,5,2024-11-06,1,140.42,completed
12783,437,10,2024-11-06,2,340.28,completed
12784,284,13,2024-11-06,3,157.72,returned
12785,13,7,2024-11-06,3,377.91,completed
12786,10,1,2024-11-07,4,3018.39,completed
12787,10,2,2024-11-07,3,1161.57,completed
12788,498,28,2024-11-07,4,120.75,completed
12789,440,14,2024-11-07,3,404.98,returned
12790,181,10,2024-11-07,3,481.49,completed
12791,260,9,2024-11-07,3,139.78,completed
12792,181,21,2024-11-07,4,312.32,completed
12793,191,9,2024-11-07,4,172.99,cancelled
12794,260,26,2024-11-07,3,101.32,completed
12795,389,10,2024-11-07,1,162.42,returned
12796,390,23,2024-11-07,1,11.52,completed
12797,358,4,2024-11-07,3,1800.21,returned
12798,319,5,2024-11-07,4,553.78,returned
12799,103,1,2024-11-07,1,765.96,completed
12800,103,3,2024-11-08,4,3379.54,cancelled
12801,386,2,2024-11-08,3,1251.08,completed
12802,388,3,2024-11-08,2,1571.27,cancelled
12803,10,22,2024-11-08,2,40.52,completed
12804,336,11,2024-11-08,1,26.22,cancelled
12805,368,7,2024-11-08,4,463.21,completed
12806,422,5,2024-11-09,2,278.46,completed
12807,241,7,2024-11-09,2,241.12,completed
12808,345,18,2024-11-09,1,5.79,returned
12809,295,6,2024-11-09,1,220.9,completed
12810,445,6,2024-11-09,3,620.74,returned
12811,104,22,2024-11-09,1,20.9,completed
12812,248,6,2024-11-09,2,416.0,returned
12813,484,29,2024-11-09,3,131.3,cancelled
12814,426,5,2024-11-10,3,425.24,completed
12815,104,15,2024-11-10,4,522.21,completed
12816,467,21,2024-11-10,4,312.49,completed
12817,215,26,2024-11-10,4,132.69,cancelled
12818,255,13,2024-11-10,4,208.27,completed
12819,13,5,2024-11-10,3,431.0,completed
12820,304,16,2024-11-10,4,86.94,completed
12821,277,23,2024-11-10,4,43.39,returned
12822,30,18,2024-11-10,3,18.33,cancelled
12823,208,18,2024-11-10,4,22.57,completed
12824,109,24,2024-11-10,2,70.15,cancelled
12825,339,22,2024-11-11,4,82.74,completed
12826,181,11,2024-11-11,2,52.96,completed
12827,270,27,2024-11-11,3,188.44,completed
12828,281,4,2024-11-11,3,1783.36,completed
12829,479,18,2024-11-11,2,12.07,completed
12830,88,12,2024-11-11,2,189.03,cancelled
12831,191,19,2024-11-11,1,23.86,cancelled
12832,461,17,2024-11-11,1,13.68,completed
12833,390,17,2024-11-11,3,43.5,cancelled
12834,207,27,2024-11-11,2,119.1,returned
12835,10,19,2024-11-12,4,103.4,cancelled
12836,376,5,2024-11-12,3,413.9,cancelled
12837,158,13,2024-11-12,4,207.09,completed
12838,89,26,2024-11-12,3,99.04,completed
12839,496,10,2024-11-13,4,697.23,cancelled
12840,273,22,2024-11-13,1,21.78,completed
12841,376,22,2024-11-13,4,80.9,returned
12842,413,27,2024-11-13,3,181.08,completed
12843,334,14,2024-11-13,3,413.04,cancelled
12844,153,8,2024-11-13,1,40.29,completed
12845,23,22,2024-11-13,3,61.9,completed
12846,242,17,2024-11-13,3,40.69,returned
12847,274,18,2024-11-13,2,11.25,cancelled
12848,10,20,2024-11-13,4,70.82,completed
12849,10,3,2024-11-13,4,3335.2,completed
12850,10,12,2024-11-13,3,284.07,completed
12851,476,15,2024-11-14,4,489.87,completed
12852,10,14,2024-11-14,1,138.75,completed
12853,94,22,2024-11-14,4,84.35,returned
12854,23,23,2024-11-14,4,45.0,completed
12855,410,15,2024-11-14,4,531.32,completed
12856,448,11,2024-11-14,3,80.87,completed
12857,447,28,2024-11-14,4,130.47,cancelled
12858,439,15,2024-11-14,3,374.02,completed
12859,10,10,2024-11-15,4,685.52,completed
12860,10,30,2024-11-15,1,45.7,completed
12861,26,29,2024-11-15,1,43.81,returned
12862,306,18,2024-11-15,4,24.38,returned
12863,97,10,2024-11-15,2,331.43,completed
12864,480,2,2024-11-15,2,831.13,completed
12865,299,10,2024-11-16,2,318.98,completed
12866,259,6,2024-11-16,3,629.71,returned
12867,412,8,2024-11-16,3,123.17,completed
12868,31,29,2024-11-16,4,175.35,cancelled
12869,176,14,2024-11-16,1,138.9,completed
12870,372,5,2024-11-16,3,438.24,completed
12871,387,9,2024-11-16,4,186.52,completed
12872,222,16,2024-11-16,2,46.52,returned
12873,345,30,2024-11-17,1,49.4,completed
12874,363,26,2024-11-17,4,124.95,completed
12875,442,20,2024-11-17,2,36.1,completed
12876,118,17,2024-11-17,3,40.41,completed
12877,327,19,2024-11-17,4,104.9,cancelled
12878,104,28,2024-11-17,2,63.34,completed
12879,89,17,2024-11-17,1,14.6,completed
12880,372,26,2024-11-17,1,33.97,completed
12881,6,15,2024-11-17,2,250.12,completed
12882,10,21,2024-11-18,4,297.89,completed
12883,185,11,2024-11-19,2,51.56,completed
12884,208,1,2024-11-19,3,2078.43,completed
12885,413,20,2024-11-19,1,16.52,returned
12886,152,30,2024-11-19,3,136.55,completed
12887,10,11,2024-11-19,4,106.2,completed
12888,10,20,2024-11-19,1,17.68,completed
12889,255,18,2024-11-20,4,24.16,completed
12890,390,3,2024-11-20,1,775.89,cancelled
12891,214,5,2024-11-20,4,571.34,completed
12892,304,7,2024-11-20,4,490.59,completed
12893,110,13,2024-11-20,3,156.99,cancelled
12894,410,26,2024-11-20,4,131.11,completed
12895,10,29,2024-11-20,2,83.99,completed
12896,90,7,2024-11-20,1,120.14,completed
12897,59,7,2024-11-20,3,363.86,completed
12898,50,18,2024-11-20,4,22.87,cancelled
12899,216,25,2024-11-20,3,166.59,cancelled
12900,181,17,2024-11-21,2,28.64,returned
12901,9,9,2024-11-21,3,137.99,completed
12902,336,17,2024-11-21,4,57.71,completed
12903,440,12,2024-11-21,3,284.13,completed
12904,214,21,2024-11-21,1,75.43,completed
12905,216,13,2024-11-21,2,106.52,completed
12906,400,2,2024-11-21,3,1191.51,completed
12907,345,17,2024-11-21,4,53.95,cancelled
12908,76,7,2024-11-21,3,379.37,cancelled
12909,226,18,2024-11-21,1,5.91,completed
12910,497,3,2024-11-22,4,3409.39,completed
12911,10,8,2024-11-22,2,79.93,cancelled
12912,84,7,2024-11-22,2,233.49,returned
12913,452,6,2024-11-22,1,217.47,completed
12914,162,2,2024-11-22,2,818.74,returned
12915,390,24,2024-11-22,4,134.76,completed
12916,30,1,2024-11-22,3,2268.59,returned
12917,40,4,2024-11-22,3,1632.24,completed
12918,10,21,2024-11-22,2,151.9,completed
12919,421,27,2024-11-22,3,181.18,completed
12920,20,12,2024-11-23,3,265.46,completed
12921,15,30,2024-11-23,3,146.82,completed
12922,10,6,2024-11-23,1,212.68,cancelled
12923,242,8,2024-11-23,4,168.57,completed
12924,167,27,2024-11-23,3,182.28,returned
12925,298,30,2024-11-23,3,145.25,completed
12926,260,10,2024-11-24,1,161.28,returned
12927,255,15,2024-11-24,4,481.84,completed
12928,466,5,2024-11-24,1,136.67,completed
12929,186,18,2024-11-24,2,11.44,completed
12930,429,8,2024-11-24,4,158.77,returned
12931,423,8,2024-11-24,4,159.71,completed
12932,207,30,2024-11-24,1,48.78,returned
12933,353,22,2024-11-24,3,63.02,completed
12934,422,1,2024-11-24,3,2226.27,cancelled
12935,423,15,2024-11-24,4,507.45,completed
12936,346,19,2024-11-25,2,52.82,returned
12937,270,26,2024-11-25,1,31.12,cancelled
12938,274,23,2024-11-25,4,43.95,cancelled
12939,471,4,2024-11-25,3,1801.59,cancelled
12940,187,17,2024-11-25,4,55.75,completed
12941,10,24,2024-11-25,3,106.82,completed
12942,358,12,2024-11-25,2,189.28,completed
12943,279,11,2024-11-25,2,54.97,cancelled
12944,280,20,2024-11-25,1,16.79,completed
12945,408,9,2024-11-25,2,89.64,completed
12946,485,16,2024-11-25,3,68.1,returned
12947,325,22,2024-11-25,3,61.26,returned
12948,358,29,2024-11-25,1,40.31,returned
12949,398,27,2024-11-26,1,64.08,returned
12950,150,13,2024-11-26,1,52.14,completed
12951,11,4,2024-11-26,4,2336.53,completed
12952,494,7,2024-11-26,1,116.64,completed
12953,139,2,2024-11-26,1,390.7,completed
12954,279,20,2024-11-26,3,52.05,completed
12955,208,2,2024-11-26,4,1577.46,returned
12956,112,21,2024-11-26,4,319.46,completed
12957,334,2,2024-11-26,3,1248.18,returned
12958,32,21,2024-11-26,4,295.28,cancelled
12959,255,14,2024-11-26,4,540.86,completed
12960,7,6,2024-11-26,3,634.1,completed
12961,471,13,2024-11-26,1,53.8,cancelled
12962,289,15,2024-11-27,3,397.45,completed
12963,273,8,2024-11-27,2,84.71,completed
12964,259,8,2024-11-27,4,160.56,cancelled
12965,186,9,2024-11-27,4,177.45,completed
12966,281,20,2024-11-27,4,66.75,completed
12967,106,15,2024-11-27,2,259.3,returned
12968,159,28,2024-11-27,3,96.3,completed
12969,259,24,2024-11-27,1,36.37,cancelled
12970,23,13,2024-11-27,3,160.79,completed
12971,210,22,2024-11-28,4,83.26,completed
12972,41,9,2024-11-28,4,179.97,completed
12973,351,16,2024-11-28,3,64.68,completed
12974,400,4,2024-11-28,2,1167.19,completed
12975,181,22,2024-11-29,1,20.53,cancelled
12976,497,6,2024-11-29,2,404.86,completed
12977,395,24,2024-11-29,4,144.36,cancelled
12978,451,23,2024-11-29,2,21.98,returned
12979,212,7,2024-11-29,3,352.57,returned
12980,418,5,2024-11-29,1,138.41,cancelled
12981,10,13,2024-11-29,3,150.53,completed
12982,481,25,2024-11-29,3,168.74,cancelled
12983,31,16,2024-11-29,2,42.45,returned
12984,10,21,2024-11-29,4,320.86,cancelled
12985,10,4,2024-11-30,4,2383.66,completed
12986,19,8,2024-11-30,3,125.3,completed
12987,180,9,2024-11-30,2,84.3,completed
12988,372,17,2024-11-30,1,14.64,cancelled
12989,409,4,2024-11-30,3,1646.37,returned
12990,430,28,2024-11-30,1,30.88,completed
12991,259,30,2024-11-30,3,134.2,completed
12992,447,21,2024-11-30,4,324.9,completed
12993,448,16,2024-11-30,2,46.15,returned
12994,46,28,2024-11-30,1,33.24,cancelled
12995,317,21,2024-11-30,4,326.1,completed
12996,208,16,2024-11-30,3,66.03,returned
12997,104,29,2024-11-30,1,43.66,completed
12998,371,30,2024-11-30,2,97.98,cancelled
12999,404,5,2024-12-01,3,405.51,cancelled
13000,436,26,2024-12-01,4,124.82,cancelled
13001,10,30,2024-12-01,1,47.04,returned
13002,62,3,2024-12-01,3,2477.92,completed
13003,248,30,2024-12-01,4,195.86,completed
13004,138,21,2024-12-01,1,75.21,completed
13005,92,19,2024-12-01,2,49.52,returned
13006,124,8,2024-12-01,4,162.21,completed
13007,344,24,2024-12-01,2,71.11,completed
13008,45,9,2024-12-01,1,43.52,completed
13009,304,1,2024-12-01,1,759.85,cancelled
13010,150,6,2024-12-01,2,434.03,completed
13011,425,18,2024-12-01,4,22.05,cancelled
13012,443,30,2024-12-01,2,97.03,completed
13013,452,4,2024-12-02,2,1133.72,cancelled
13014,44,3,2024-12-02,1,813.39,completed
13015,109,29,2024-12-02,4,177.97,completed
13016,258,21,2024-12-02,2,153.85,returned
13017,10,6,2024-12-02,1,218.99,completed
13018,211,14,2024-12-02,4,546.03,cancelled
13019,458,12,2024-12-02,3,269.75,completed
13020,225,18,2024-12-02,1,5.71,completed
13021,419,5,2024-12-02,3,407.09,completed
13022,390,21,2024-12-02,3,222.19,cancelled
13023,133,27,2024-12-02,4,254.26,completed
13024,98,13,2024-12-02,1,50.7,cancelled
13025,228,3,2024-12-02,2,1627.1,completed
13026,132,27,2024-12-03,4,239.99,completed
13027,23,2,2024-12-03,2,858.67,cancelled
13028,351,24,2024-12-03,3,107.85,cancelled
13029,376,15,2024-12-03,4,518.31,completed
13030,438,15,2024-12-03,3,359.81,completed
13031,279,20,2024-12-03,3,49.4,completed
13032,105,7,2024-12-03,4,495.57,completed
13033,421,10,2024-12-03,1,164.81,completed
13034,335,11,2024-12-03,4,103.42,completed
13035,127,27,2024-12-03,4,255.27,cancelled
13036,10,22,2024-12-03,1,20.9,completed
13037,314,16,2024-12-03,3,66.11,returned
13038,422,5,2024-12-03,4,572.7,cancelled
13039,23,8,2024-12-03,3,124.24,completed
13040,114,20,2024-12-03,1,17.31,completed
13041,10,5,2024-12-04,4,592.98,cancelled
13042,110,1,2024-12-04,2,1443.36,completed
13043,97,20,2024-12-04,4,67.18,returned
13044,447,1,2024-12-04,4,2812.34,completed
13045,10,7,2024-12-04,1,115.27,completed
13046,273,10,2024-12-04,1,166.31,completed
13047,471,6,2024-12-04,1,214.75,completed
13048,421,27,2024-12-04,3,179.57,completed
13049,373,19,2024-12-04,3,79.17,completed
13050,65,20,2024-12-04,4,68.82,cancelled
13051,451,17,2024-12-05,4,58.76,completed
13052,211,4,2024-12-05,3,1631.35,completed
13053,64,16,2024-12-05,3,63.95,completed
13054,51,26,2024-12-06,3,100.61,cancelled
13055,390,23,2024-12-06,2,21.52,completed
13056,311,19,2024-12-06,4,102.08,cancelled
13057,288,3,2024-12-06,2,1676.83,completed
13058,210,9,2024-12-06,1,45.73,returned
13059,224,21,2024-12-06,2,162.32,completed
13060,231,2,2024-12-06,1,418.65,cancelled
13061,109,19,2024-12-06,4,95.55,completed
13062,207,5,2024-12-06,1,147.59,completed
13063,500,15,2024-12-07,4,486.78,completed
13064,92,3,2024-12-07,3,2340.13,completed
13065,476,12,2024-12-07,3,272.41,completed
13066,111,23,2024-12-07,3,34.33,completed
13067,222,1,2024-12-07,3,2255.82,completed
13068,390,22,2024-12-07,2,40.6,completed
13069,416,4,2024-12-07,1,545.12,returned
13070,10,8,2024-12-07,3,119.93,completed
13071,366,13,2024-12-07,1,52.92,completed
13072,220,18,2024-12-07,1,5.71,returned
13073,92,18,2024-12-07,3,17.35,completed
13074,133,24,2024-12-07,1,37.01,completed
13075,109,13,2024-12-07,1,52.68,completed
13076,150,6,2024-12-07,2,407.01,completed
13077,245,22,2024-12-07,1,21.18,completed
13078,213,4,2024-12-08,3,1783.96,cancelled
13079,40,16,2024-12-08,4,88.72,cancelled
13080,458,25,2024-12-08,4,231.94,completed
13081,334,5,2024-12-08,2,294.83,completed
13082,345,28,2024-12-08,4,130.05,completed
13083,10,6,2024-12-08,4,854.65,completed
13084,421,13,2024-12-08,2,100.34,returned
13085,477,21,2024-12-08,1,74.36,completed
13086,428,24,2024-12-08,3,108.18,completed
13087,371,4,2024-12-09,4,2186.31,completed
13088,255,30,2024-12-09,4,178.26,cancelled
13089,227,26,2024-12-09,2,63.69,cancelled
13090,260,13,2024-12-09,3,154.0,completed
13091,390,27,2024-12-09,3,191.75,completed
13092,416,18,2024-12-09,3,18.16,returned
13093,181,27,2024-12-09,3,190.12,completed
13094,10,18,2024-12-09,2,12.2,completed
13095,66,25,2024-12-09,1,59.7,completed
13096,66,22,2024-12-09,3,63.49,returned
13097,293,8,2024-12-10,3,119.18,returned
13098,113,2,2024-12-10,4,1575.88,completed
13099,256,22,2024-12-10,2,40.91,completed
13100,222,1,2024-12-10,4,2944.48,returned
13101,430,23,2024-12-10,2,22.59,returned
13102,371,7,2024-12-11,3,372.28,completed
13103,40,8,2024-12-11,4,174.95,cancelled
13104,316,21,2024-12-11,3,228.26,cancelled
13105,227,25,2024-12-11,1,54.93,completed
13106,227,7,2024-12-11,4,488.52,completed
13107,345,23,2024-12-11,4,45.91,completed
13108,10,8,2024-12-11,3,128.85,completed
13109,200,20,2024-12-11,4,67.65,completed
13110,472,17,2024-12-11,3,41.1,completed
13111,386,23,2024-12-11,2,21.85,cancelled
13112,108,22,2024-12-11,4,79.39,completed
13113,199,18,2024-12-11,3,18.02,completed
13114,273,10,2024-12-11,4,675.37,completed
13115,183,22,2024-12-11,4,80.76,completed
13116,402,14,2024-12-12,1,136.55,returned
13117,255,10,2024-12-12,3,522.89,returned
13118,141,6,2024-12-12,3,613.92,completed
13119,214,12,2024-12-12,1,87.7,cancelled
13120,448,28,2024-12-12,3,90.94,completed
13121,288,2,2024-12-13,3,1260.98,cancelled
13122,20,28,2024-12-13,1,31.5,cancelled
13123,10,9,2024-12-13,4,181.85,cancelled
13124,74,4,2024-12-13,4,2236.99,completed
13125,295,14,2024-12-13,1,128.6,cancelled
13126,445,3,2024-12-13,4,3422.14,cancelled
13127,266,30,2024-12-14,3,134.74,returned
13128,10,1,2024-12-14,2,1401.97,cancelled
13129,182,25,2024-12-14,1,56.1,completed
13130,10,20,2024-12-14,1,16.3,cancelled
13131,68,10,2024-12-14,4,638.21,completed
13132,236,29,2024-12-14,1,41.94,cancelled
13133,59,20,2024-12-14,1,16.91,completed
13134,273,27,2024-12-14,3,183.07,completed
13135,466,4,2024-12-14,2,1126.72,returned
13136,109,4,2024-12-14,4,2402.22,cancelled
13137,225,24,2024-12-15,3,107.75,completed
13138,10,5,2024-12-15,2,267.97,completed
13139,352,18,2024-12-15,4,23.59,returned
13140,97,16,2024-12-15,2,45.52,completed
13141,147,24,2024-12-15,2,71.15,completed
13142,498,19,2024-12-15,1,25.85,completed
13143,405,14,2024-12-16,3,382.36,completed
13144,362,4,2024-12-16,4,2389.26,completed
13145,11,23,2024-12-16,3,34.28,completed
13146,380,13,2024-12-16,2,102.73,completed
13147,351,30,2024-12-16,1,48.9,completed
13148,175,10,2024-12-16,3,513.89,cancelled
13149,370,10,2024-12-16,2,324.1,returned
13150,150,21,2024-12-16,1,78.51,cancelled
13151,244,9,2024-12-16,2,86.2,completed
13152,208,21,2024-12-16,3,236.24,completed
13153,138,27,2024-12-17,1,61.32,returned
13154,273,9,2024-12-17,4,178.13,cancelled
13155,67,22,2024-12-17,4,83.22,completed
13156,1,16,2024-12-17,3,69.32,completed
13157,454,22,2024-12-17,4,85.11,completed
13158,390,1,2024-12-17,3,2291.11,cancelled
13159,385,14,2024-12-17,1,127.51,completed
13160,260,16,2024-12-18,3,63.44,completed
13161,23,14,2024-12-18,2,269.68,cancelled
13162,294,6,2024-12-18,4,885.83,completed
13163,499,5,2024-12-18,4,578.15,completed
13164,417,16,2024-12-18,2,45.35,completed
13165,4,26,2024-12-18,4,129.52,cancelled
13166,8,6,2024-12-18,4,880.71,completed
13167,99,1,2024-12-19,4,2820.11,completed
13168,197,10,2024-12-19,4,699.51,cancelled
13169,266,22,2024-12-19,2,41.54,completed
13170,344,7,2024-12-19,4,483.8,returned
13171,418,22,2024-12-19,3,64.88,returned
13172,181,30,2024-12-19,1,45.8,completed
13173,350,18,2024-12-19,4,22.74,cancelled
13174,104,26,2024-12-19,3,96.54,completed
13175,126,4,2024-12-19,4,2215.7,returned
13176,177,1,2024-12-19,1,739.59,completed
13177,471,4,2024-12-19,1,575.56,completed
13178,183,27,2024-12-19,3,187.43,completed
13179,61,7,2024-12-19,2,236.79,completed
13180,3,11,2024-12-20,4,108.38,completed
13181,390,29,2024-12-20,4,176.26,completed
13182,120,30,2024-12-20,4,184.03,returned
13183,69,7,2024-12-20,2,244.76,completed
13184,43,24,2024-12-20,1,34.87,completed
13185,471,26,2024-12-20,2,67.08,completed
13186,359,1,2024-12-20,3,2165.44,completed
13187,152,29,2024-12-20,2,88.15,completed
13188,87,7,2024-12-20,4,508.98,cancelled
13189,97,25,2024-12-20,4,232.83,completed
13190,162,22,2024-12-21,1,21.68,completed
13191,467,28,2024-12-21,1,32.3,completed
13192,369,13,2024-12-21,2,104.27,completed
13193,87,1,2024-12-21,1,703.08,completed
13194,87,3,2024-12-21,4,3257.99,returned
13195,370,16,2024-12-21,1,22.15,completed
13196,174,1,2024-12-21,2,1532.03,completed
13197,333,8,2024-12-21,4,159.62,returned
13198,222,9,2024-12-21,2,85.23,cancelled
13199,19,22,2024-12-21,1,20.86,returned
13200,353,14,2024-12-21,1,133.84,returned
13201,291,21,2024-12-21,2,150.6,returned
13202,104,11,2024-12-21,1,27.39,completed
13203,480,20,2024-12-22,4,67.79,completed
13204,162,13,2024-12-22,3,149.3,completed
13205,426,26,2024-12-22,3,99.9,cancelled
13206,327,5,2024-12-22,2,292.28,cancelled
13207,370,1,2024-12-22,1,733.04,returned
13208,23,24,2024-12-22,1,36.3,completed
13209,274,12,2024-12-22,2,177.79,completed
13210,97,2,2024-12-23,4,1617.3,completed
13211,390,19,2024-12-23,4,103.7,completed
13212,346,14,2024-12-23,3,386.93,cancelled
13213,134,25,2024-12-23,3,180.5,cancelled
13214,10,14,2024-12-23,3,395.98,completed
13215,482,24,2024-12-23,2,73.83,returned
13216,370,17,2024-12-23,1,14.5,completed
13217,163,27,2024-12-24,4,249.82,cancelled
13218,87,12,2024-12-24,4,354.1,completed
13219,48,14,2024-12-24,3,384.7,returned
13220,395,2,2024-12-24,2,834.86,completed
13221,255,9,2024-12-24,4,181.01,completed
13222,27,21,2024-12-24,3,224.95,completed
13223,306,10,2024-12-24,3,509.53,returned
13224,79,27,2024-12-24,2,120.61,returned
13225,109,17,2024-12-24,3,43.2,returned
13226,23,7,2024-12-24,1,126.13,returned
13227,105,19,2024-12-25,4,98.62,cancelled
13228,158,10,2024-12-25,1,157.92,returned
13229,174,15,2024-12-25,2,240.03,completed
13230,242,21,2024-12-25,3,244.06,completed
13231,70,14,2024-12-25,1,132.7,returned
13232,305,24,2024-12-25,3,110.89,cancelled
13233,198,6,2024-12-25,4,833.25,completed
13234,10,20,2024-12-25,1,16.88,completed
13235,241,29,2024-12-26,1,41.88,completed
13236,175,12,2024-12-26,2,188.34,completed
13237,355,13,2024-12-26,1,54.07,completed
13238,196,12,2024-12-26,1,96.37,completed
13239,362,22,2024-12-26,1,19.93,completed
13240,457,14,2024-12-26,3,414.92,cancelled
13241,307,16,2024-12-26,4,91.62,completed
13242,255,16,2024-12-26,4,88.46,completed
13243,403,7,2024-12-26,3,377.93,completed
13244,204,13,2024-12-26,1,54.07,completed
13245,248,25,2024-12-26,4,227.33,cancelled
13246,493,10,2024-12-26,1,161.19,completed
13247,427,2,2024-12-27,1,415.49,cancelled
13248,157,25,2024-12-27,4,239.83,completed
13249,424,17,2024-12-27,2,28.38,completed
13250,92,5,2024-12-27,3,427.42,returned
13251,331,21,2024-12-27,2,162.56,completed
13252,306,4,2024-12-27,4,2197.78,cancelled
13253,242,11,2024-12-27,4,113.24,completed
13254,208,9,2024-12-27,4,180.92,completed
13255,38,25,2024-12-27,3,175.08,completed
13256,374,14,2024-12-27,3,389.68,returned
13257,350,25,2024-12-27,3,179.26,returned
13258,222,13,2024-12-27,3,157.72,completed
13259,23,12,2024-12-27,2,191.7,returned
13260,252,15,2024-12-27,4,529.66,cancelled
13261,445,29,2024-12-28,1,41.66,cancelled
13262,497,11,2024-12-28,2,53.62,completed
13263,125,27,2024-12-28,2,125.9,completed
13264,396,27,2024-12-28,1,65.71,returned
13265,447,29,2024-12-28,1,41.59,returned
13266,10,6,2024-12-28,4,809.65,returned
13267,10,20,2024-12-28,1,16.95,completed
13268,144,1,2024-12-28,2,1474.02,completed
13269,346,17,2024-12-28,1,14.71,completed
13270,23,2,2024-12-29,4,1698.66,completed
13271,88,27,2024-12-29,3,196.02,completed
13272,410,7,2024-12-29,3,348.24,completed
13273,48,13,2024-12-29,3,154.88,completed
13274,174,6,2024-12-29,3,607.68,cancelled
13275,434,29,2024-12-29,3,125.91,completed
13276,3,9,2024-12-29,3,126.97,returned
13277,244,7,2024-12-30,2,242.91,completed
13278,458,24,2024-12-30,3,111.8,returned
13279,135,16,2024-12-30,2,45.19,completed
13280,148,30,2024-12-30,3,145.0,completed
13281,10,9,2024-12-30,1,46.02,completed
13282,207,18,2024-12-31,4,24.24,completed
13283,376,8,2024-12-31,1,43.08,completed
13284,447,26,2024-12-31,2,64.88,completed
13285,255,11,2024-12-31,4,108.07,cancelled
13286,379,2,2024-12-31,1,403.53,returned
13287,10,20,2024-12-31,3,51.8,completed
13288,211,18,2024-12-31,3,18.08,completed
13289,84,9,2024-12-31,4,172.16,cancelled
13290,23,8,2024-12-31,3,125.16,completed
13291,369,26,2024-12-31,1,32.08,completed
13292,411,15,2024-12-31,2,252.94,returned
13293,332,14,2024-12-31,2,270.12,cancelled
13294,65,30,2025-01-01,2,91.0,completed
13295,422,9,2025-01-01,4,182.22,completed
13296,124,16,2025-01-01,2,45.21,cancelled
13297,410,5,2025-01-01,2,276.26,returned
13298,143,17,2025-01-01,4,53.96,completed
13299,211,27,2025-01-01,2,130.16,completed
13300,421,6,2025-01-01,2,412.61,returned
13301,119,8,2025-01-01,1,40.77,cancelled
13302,394,13,2025-01-02,1,54.49,completed
13303,452,26,2025-01-02,4,134.37,completed
13304,455,5,2025-01-02,4,554.61,completed
13305,499,14,2025-01-02,3,408.61,cancelled
13306,18,24,2025-01-02,2,68.86,completed
13307,97,30,2025-01-02,1,49.41,completed
13308,353,28,2025-01-02,1,31.35,cancelled
13309,256,17,2025-01-02,3,42.17,completed
13310,352,18,2025-01-02,4,23.3,cancelled
13311,495,14,2025-01-02,1,134.29,completed
13312,189,27,2025-01-03,2,127.88,returned
13313,99,16,2025-01-03,2,44.84,completed
13314,150,21,2025-01-03,4,319.99,returned
13315,451,29,2025-01-03,1,41.4,completed
13316,10,12,2025-01-03,1,96.21,completed
13317,23,11,2025-01-03,3,77.07,completed
13318,28,30,2025-01-03,1,46.59,completed
13319,353,13,2025-01-03,2,101.33,completed
13320,151,13,2025-01-03,2,99.17,completed
13321,141,3,2025-01-03,4,3134.91,completed
13322,77,26,2025-01-03,2,63.09,cancelled
13323,424,6,2025-01-03,1,205.77,cancelled
13324,259,4,2025-01-04,3,1653.87,completed
13325,137,19,2025-01-04,1,25.84,completed
13326,288,9,2025-01-04,3,128.99,returned
13327,118,1,2025-01-04,2,1478.56,completed
13328,186,10,2025-01-04,4,687.36,completed
13329,277,30,2025-01-04,1,48.58,cancelled
13330,17,20,2025-01-04,3,50.79,completed
13331,25,2,2025-01-04,1,408.73,completed
13332,277,28,2025-01-04,3,98.57,cancelled
13333,23,6,2025-01-04,4,811.09,returned
13334,287,19,2025-01-04,2,51.79,returned
13335,147,12,2025-01-05,4,359.78,completed
13336,340,1,2025-01-05,3,2223.0,completed
13337,10,6,2025-01-05,2,400.44,returned
13338,222,3,2025-01-05,4,3361.26,completed
13339,104,11,2025-01-05,3,80.96,completed
13340,10,10,2025-01-06,1,162.39,completed
13341,369,11,2025-01-06,1,28.12,completed
13342,477,25,2025-01-06,2,109.69,completed
13343,390,10,2025-01-06,3,523.84,returned
13344,255,29,2025-01-06,2,80.88,completed
13345,123,17,2025-01-06,3,43.69,completed
13346,373,25,2025-01-06,3,173.42,completed
13347,172,23,2025-01-06,3,34.33,completed
13348,376,20,2025-01-06,3,54.05,cancelled
13349,213,13,2025-01-06,1,52.47,cancelled
13350,316,23,2025-01-06,1,10.76,completed
13351,10,12,2025-01-06,1,90.38,cancelled
13352,70,6,2025-01-07,2,429.72,cancelled
13353,214,15,2025-01-07,2,253.66,returned
13354,122,20,2025-01-07,3,50.19,returned
13355,259,8,2025-01-07,2,85.41,completed
13356,476,26,2025-01-07,2,64.29,returned
13357,390,6,2025-01-07,1,202.98,cancelled
13358,306,23,2025-01-07,4,42.4,completed
13359,225,23,2025-01-07,4,42.12,returned
13360,225,12,2025-01-07,1,95.8,returned
13361,351,19,2025-01-07,2,49.34,completed
13362,10,13,2025-01-07,2,105.21,completed
13363,345,17,2025-01-07,1,13.66,completed
13364,157,19,2025-01-07,3,71.72,completed
13365,289,23,2025-01-07,1,10.53,completed
13366,439,24,2025-01-07,1,34.88,completed
13367,51,6,2025-01-07,4,889.3,completed
13368,234,27,2025-01-07,2,122.49,returned
13369,112,12,2025-01-08,3,283.29,returned
13370,255,9,2025-01-08,1,45.22,returned
13371,190,15,2025-01-08,4,525.21,completed
13372,337,11,2025-01-08,1,25.83,completed
13373,388,7,2025-01-08,4,504.67,cancelled
13374,177,2,2025-01-08,4,1686.44,completed
13375,296,8,2025-01-08,3,128.33,completed
13376,403,13,2025-01-09,2,102.77,completed
13377,376,30,2025-01-09,3,144.83,completed
13378,183,13,2025-01-09,2,101.73,cancelled
13379,82,22,2025-01-09,4,80.81,completed
13380,275,5,2025-01-09,3,417.91,completed
13381,390,19,2025-01-09,2,51.81,completed
13382,10,22,2025-01-09,1,19.8,completed
13383,373,20,2025-01-09,3,53.8,cancelled
13384,116,10,2025-01-09,3,513.53,cancelled
13385,26,11,2025-01-09,3,80.77,returned
13386,59,20,2025-01-09,1,16.68,completed
13387,64,26,2025-01-10,3,99.66,returned
13388,10,19,2025-01-10,2,52.1,returned
13389,10,3,2025-01-10,3,2359.15,completed
13390,230,8,2025-01-10,3,128.74,returned
13391,328,1,2025-01-10,3,2110.94,completed
13392,10,28,2025-01-10,3,96.75,cancelled
13393,326,11,2025-01-11,2,51.35,completed
13394,348,30,2025-01-11,3,143.09,completed
13395,390,2,2025-01-11,1,402.94,returned
13396,64,16,2025-01-11,2,44.14,completed
13397,436,26,2025-01-11,4,133.08,completed
13398,24,21,2025-01-11,3,239.06,completed
13399,397,24,2025-01-11,2,73.8,cancelled
13400,70,18,2025-01-12,4,23.94,cancelled
13401,471,24,2025-01-12,4,147.46,cancelled
13402,408,25,2025-01-12,1,54.78,completed
13403,13,29,2025-01-12,4,175.0,completed
13404,426,9,2025-01-12,1,46.41,completed
13405,181,3,2025-01-13,4,3418.44,completed
13406,251,9,2025-01-13,1,42.63,completed
13407,261,26,2025-01-13,1,31.85,completed
13408,345,10,2025-01-13,1,172.35,returned
13409,40,16,2025-01-13,3,63.15,cancelled
13410,277,12,2025-01-13,3,268.26,completed
13411,422,22,2025-01-13,1,19.91,completed
13412,495,15,2025-01-13,2,248.0,completed
13413,440,9,2025-01-14,2,86.12,completed
13414,142,7,2025-01-14,3,366.56,completed
13415,44,26,2025-01-14,2,63.88,completed
13416,27,2,2025-01-14,4,1638.5,completed
13417,74,8,2025-01-14,2,81.99,completed
13418,225,26,2025-01-14,2,65.81,completed
13419,45,23,2025-01-14,1,10.4,completed
13420,29,19,2025-01-14,1,24.21,returned
13421,471,2,2025-01-14,1,411.16,completed
13422,311,10,2025-01-14,4,665.8,completed
13423,301,28,2025-01-14,3,94.99,completed
13424,482,28,2025-01-14,1,33.01,completed
13425,9,26,2025-01-14,4,137.31,completed
13426,178,4,2025-01-15,2,1196.91,cancelled
13427,306,9,2025-01-15,2,86.07,completed
13428,65,10,2025-01-15,4,698.64,completed
13429,38,18,2025-01-15,3,18.12,cancelled
13430,189,18,2025-01-15,2,11.43,returned
13431,422,9,2025-01-15,3,127.11,completed
13432,274,14,2025-01-15,4,522.8,completed
13433,348,7,2025-01-15,3,363.48,cancelled
13434,125,5,2025-01-15,4,559.53,returned
13435,74,17,2025-01-16,1,14.03,returned
13436,255,11,2025-01-16,2,55.41,returned
13437,161,12,2025-01-16,1,95.34,returned
13438,243,10,2025-01-16,1,161.17,completed
13439,10,11,2025-01-16,4,102.78,cancelled
13440,405,3,2025-01-17,2,1623.06,returned
13441,345,24,2025-01-17,1,35.28,cancelled
13442,139,24,2025-01-17,3,107.81,cancelled
13443,445,7,2025-01-17,1,123.19,returned
13444,10,22,2025-01-17,3,61.39,returned
13445,10,14,2025-01-17,3,420.23,completed
13446,67,27,2025-01-17,3,180.46,completed
13447,109,8,2025-01-18,2,83.89,completed
13448,126,21,2025-01-18,4,301.27,cancelled
13449,453,19,2025-01-18,2,50.02,cancelled
13450,178,9,2025-01-18,2,85.41,completed
13451,3,6,2025-01-18,3,666.6,returned
13452,255,20,2025-01-18,3,53.33,completed
13453,94,5,2025-01-18,3,417.72,completed
13454,103,10,2025-01-18,2,337.64,cancelled
13455,381,12,2025-01-18,1,88.17,completed
13456,338,26,2025-01-18,2,65.05,completed
13457,137,29,2025-01-19,4,176.71,completed
13458,152,26,2025-01-19,4,131.46,returned
13459,376,14,2025-01-19,4,560.93,returned
13460,214,11,2025-01-19,3,83.05,completed
13461,200,11,2025-01-19,1,27.57,completed
13462,251,11,2025-01-19,1,26.91,returned
13463,23,24,2025-01-19,4,134.56,completed
13464,496,7,2025-01-19,1,123.09,returned
13465,10,23,2025-01-19,4,41.75,completed
13466,80,12,2025-01-19,3,264.21,cancelled
13467,390,13,2025-01-20,1,49.75,cancelled
13468,153,25,2025-01-20,3,166.01,completed
13469,262,18,2025-01-20,2,11.2,returned
13470,376,9,2025-01-20,3,129.59,cancelled
13471,345,25,2025-01-20,2,111.05,returned
13472,409,4,2025-01-20,1,561.33,completed
13473,84,19,2025-01-20,1,23.91,completed
13474,408,10,2025-01-20,2,333.78,cancelled
13475,350,12,2025-01-20,1,88.53,cancelled
13476,112,5,2025-01-20,2,281.55,completed
13477,454,7,2025-01-21,2,230.63,completed
13478,235,25,2025-01-21,4,219.7,cancelled
13479,474,30,2025-01-21,3,138.2,cancelled
13480,351,8,2025-01-21,1,43.79,cancelled
13481,477,10,2025-01-21,3,476.54,returned
13482,345,26,2025-01-21,1,34.01,completed
13483,254,12,2025-01-22,1,89.57,completed
13484,32,16,2025-01-22,1,22.91,completed
13485,10,3,2025-01-22,3,2544.1,completed
13486,10,17,2025-01-22,1,14.0,cancelled
13487,258,27,2025-01-22,1,64.14,completed
13488,402,12,2025-01-22,1,87.21,cancelled
13489,178,21,2025-01-22,3,222.0,returned
13490,214,29,2025-01-22,2,86.83,completed
13491,66,27,2025-01-23,3,179.95,cancelled
13492,317,14,2025-01-23,4,533.27,completed
13493,122,1,2025-01-23,4,2775.38,completed
13494,353,30,2025-01-23,4,179.72,completed
13495,36,25,2025-01-23,2,109.45,completed
13496,235,1,2025-01-23,4,2924.63,completed
13497,495,29,2025-01-23,1,43.52,completed
13498,440,26,2025-01-23,3,94.47,returned
13499,395,3,2025-01-23,2,1706.54,completed
13500,448,28,2025-01-24,4,128.36,completed
13501,273,17,2025-01-24,1,13.44,returned
13502,273,22,2025-01-24,3,64.59,cancelled
13503,322,9,2025-01-24,2,84.57,completed
13504,33,4,2025-01-24,1,586.01,returned
13505,458,6,2025-01-24,3,623.49,completed
13506,255,15,2025-01-24,3,378.31,returned
13507,104,22,2025-01-24,3,61.65,returned
13508,141,17,2025-01-24,4,57.32,completed
13509,376,23,2025-01-24,1,10.93,completed
13510,10,27,2025-01-25,1,64.23,completed
13511,63,2,2025-01-26,4,1693.37,completed
13512,277,27,2025-01-26,1,60.71,completed
13513,46,15,2025-01-26,2,261.47,completed
13514,57,8,2025-01-26,3,129.27,completed
13515,348,28,2025-01-26,4,128.91,completed
13516,140,27,2025-01-26,4,255.79,completed
13517,97,15,2025-01-26,3,378.88,completed
13518,255,3,2025-01-26,3,2462.04,cancelled
13519,404,3,2025-01-26,1,847.32,completed
13520,40,29,2025-01-26,1,42.11,returned
13521,174,23,2025-01-26,1,10.62,completed
13522,10,12,2025-01-26,4,351.36,completed
13523,258,22,2025-01-27,3,65.36,completed
13524,196,1,2025-01-27,3,2165.08,cancelled
13525,445,21,2025-01-27,4,305.29,cancelled
13526,255,19,2025-01-27,4,103.21,returned
13527,92,7,2025-01-27,4,465.94,returned
13528,255,12,2025-01-28,1,87.03,returned
13529,485,29,2025-01-28,1,40.46,completed
13530,203,6,2025-01-28,4,851.63,cancelled
13531,479,27,2025-01-28,1,63.96,completed
13532,10,2,2025-01-29,1,400.15,completed
13533,126,22,2025-01-29,4,87.71,cancelled
13534,447,16,2025-01-29,1,21.44,cancelled
13535,10,22,2025-01-29,2,41.9,completed
13536,101,1,2025-01-29,2,1474.78,completed
13537,97,10,2025-01-29,2,346.81,returned
13538,100,5,2025-01-30,4,579.46,completed
13539,53,29,2025-01-30,2,83.77,completed
13540,1,11,2025-01-30,1,26.66,cancelled
13541,31,7,2025-01-30,4,482.93,completed
13542,445,24,2025-01-31,1,36.0,returned
13543,111,29,2025-01-31,3,133.28,cancelled
13544,345,23,2025-01-31,4,41.63,returned
13545,371,14,2025-01-31,4,550.51,returned
13546,10,9,2025-01-31,3,138.08,completed
13547,297,16,2025-01-31,1,21.48,cancelled
13548,472,4,2025-01-31,1,600.8,completed
13549,172,5,2025-01-31,2,281.17,cancelled
13550,481,16,2025-01-31,1,21.95,cancelled
13551,87,5,2025-01-31,3,432.29,cancelled
13552,63,22,2025-01-31,4,80.74,completed
13553,27,19,2025-01-31,1,24.96,returned
13554,445,30,2025-02-01,2,95.67,completed
13555,104,2,2025-02-01,3,1267.92,completed
13556,99,15,2025-02-01,3,379.05,completed
13557,127,1,2025-02-01,3,2235.76,completed
13558,268,9,2025-02-01,2,89.0,completed
13559,237,19,2025-02-01,1,25.04,cancelled
13560,395,26,2025-02-01,4,132.32,completed
13561,10,1,2025-02-01,2,1489.77,completed
13562,259,11,2025-02-01,2,55.49,completed
13563,45,26,2025-02-01,2,65.97,completed
13564,68,24,2025-02-01,2,72.24,returned
13565,427,4,2025-02-01,4,2188.1,returned
13566,174,25,2025-02-02,2,119.8,completed
13567,45,26,2025-02-02,2,67.94,completed
13568,481,10,2025-02-02,3,493.51,completed
13569,376,24,2025-02-02,2,74.17,completed
13570,81,17,2025-02-02,3,40.42,cancelled
13571,118,25,2025-02-02,1,58.35,completed
13572,396,7,2025-02-02,4,470.41,completed
13573,3,21,2025-02-03,3,232.08,completed
13574,141,23,2025-02-03,1,11.27,completed
13575,215,13,2025-02-03,4,218.65,cancelled
13576,79,2,2025-02-03,1,427.8,returned
13577,357,27,2025-02-03,1,60.08,completed
13578,436,11,2025-02-04,3,85.3,completed
13579,183,9,2025-02-04,3,137.43,completed
13580,422,3,2025-02-04,3,2327.27,completed
13581,388,15,2025-02-04,2,263.01,completed
13582,74,25,2025-02-04,4,235.23,completed
13583,426,25,2025-02-04,3,172.29,completed
13584,109,11,2025-02-05,2,53.68,returned
13585,428,4,2025-02-05,4,2240.99,completed
13586,279,27,2025-02-05,1,62.47,completed
13587,465,1,2025-02-05,4,2781.06,returned
13588,29,2,2025-02-05,1,404.76,completed
13589,225,20,2025-02-05,2,34.06,returned
13590,74,25,2025-02-05,3,175.42,cancelled
13591,198,10,2025-02-05,3,486.73,returned
13592,396,20,2025-02-05,1,16.29,completed
13593,186,25,2025-02-06,4,239.84,returned
13594,28,2,2025-02-06,1,388.67,returned
13595,371,11,2025-02-06,2,52.12,completed
13596,422,22,2025-02-06,2,43.67,completed
13597,455,1,2025-02-06,4,3032.31,returned
13598,4,13,2025-02-06,2,101.42,cancelled
13599,373,3,2025-02-06,3,2376.91,returned
13600,385,25,2025-02-06,3,164.86,returned
13601,297,15,2025-02-06,4,531.54,completed
13602,277,10,2025-02-06,3,522.28,completed
13603,411,1,2025-02-06,4,2993.86,cancelled
13604,334,27,2025-02-06,2,125.81,completed
13605,200,20,2025-02-07,4,71.84,cancelled
13606,309,23,2025-02-07,3,33.43,completed
13607,390,12,2025-02-07,2,186.81,returned
13608,414,25,2025-02-07,4,219.05,cancelled
13609,200,11,2025-02-07,4,112.45,completed
13610,415,24,2025-02-08,3,105.49,completed
13611,217,7,2025-02-08,1,127.18,cancelled
13612,376,22,2025-02-08,3,64.97,returned
13613,498,30,2025-02-08,2,89.17,returned
13614,92,22,2025-02-08,2,41.57,cancelled
13615,496,12,2025-02-08,4,373.39,returned
13616,463,20,2025-02-08,4,68.68,completed
13617,192,28,2025-02-08,3,97.52,completed
13618,326,25,2025-02-08,1,58.19,returned
13619,390,23,2025-02-08,1,10.58,completed
13620,500,12,2025-02-09,1,87.11,cancelled
13621,260,24,2025-02-09,3,110.14,cancelled
13622,85,23,2025-02-09,1,10.51,cancelled
13623,92,30,2025-02-09,2,89.8,returned
13624,132,16,2025-02-09,4,91.16,completed
13625,387,11,2025-02-09,1,26.34,completed
13626,230,16,2025-02-09,3,69.46,completed
13627,80,6,2025-02-09,3,663.02,returned
13628,10,14,2025-02-09,4,515.68,cancelled
13629,288,20,2025-02-09,3,50.31,completed
13630,354,3,2025-02-09,2,1713.85,cancelled
13631,46,18,2025-02-09,2,11.17,cancelled
13632,279,23,2025-02-09,3,32.96,cancelled
13633,5,12,2025-02-10,2,175.55,returned
13634,277,22,2025-02-10,1,20.35,completed
13635,151,8,2025-02-10,4,175.22,cancelled
13636,241,28,2025-02-10,2,66.63,completed
13637,475,14,2025-02-10,2,266.11,cancelled
13638,270,30,2025-02-10,2,95.31,cancelled
13639,266,15,2025-02-10,1,129.73,cancelled
13640,61,14,2025-02-10,3,406.52,completed
13641,327,30,2025-02-10,3,142.65,completed
13642,224,22,2025-02-10,2,40.21,completed
13643,3,19,2025-02-10,2,49.08,completed
13644,84,7,2025-02-10,1,123.61,returned
13645,422,11,2025-02-11,3,85.13,returned
13646,390,23,2025-02-11,3,33.6,completed
13647,106,10,2025-02-11,1,174.3,cancelled
13648,477,22,2025-02-11,3,61.49,completed
13649,181,3,2025-02-11,2,1680.58,completed
13650,68,22,2025-02-11,1,19.79,completed
13651,143,25,2025-02-11,1,57.0,completed
13652,47,12,2025-02-11,3,285.21,cancelled
13653,405,6,2025-02-11,1,202.43,returned
13654,312,11,2025-02-11,1,27.94,completed
13655,342,8,2025-02-11,3,122.47,completed
13656,172,26,2025-02-12,2,65.64,cancelled
13657,49,17,2025-02-12,3,43.79,completed
13658,370,18,2025-02-12,4,23.45,completed
13659,255,6,2025-02-12,2,422.82,cancelled
13660,477,21,2025-02-13,3,226.02,completed
13661,421,29,2025-02-13,4,164.1,completed
13662,164,3,2025-02-13,3,2407.0,cancelled
13663,398,9,2025-02-13,3,136.58,returned
13664,178,11,2025-02-13,3,83.12,cancelled
13665,255,29,2025-02-13,3,124.14,completed
13666,226,1,2025-02-13,1,734.66,returned
13667,314,14,2025-02-13,2,253.36,completed
13668,376,24,2025-02-13,3,109.12,completed
13669,38,15,2025-02-13,3,366.34,completed
13670,273,23,2025-02-14,2,21.85,completed
13671,281,1,2025-02-14,3,2172.05,returned
13672,243,24,2025-02-14,3,108.31,cancelled
13673,334,6,2025-02-14,4,862.88,completed
13674,314,19,2025-02-15,1,26.11,completed
13675,10,27,2025-02-15,2,119.39,completed
13676,97,22,2025-02-15,2,40.4,returned
13677,10,17,2025-02-15,3,40.67,completed
13678,178,16,2025-02-15,4,92.82,cancelled
13679,345,16,2025-02-15,4,84.84,completed
13680,3,23,2025-02-15,4,41.92,completed
13681,260,19,2025-02-15,2,49.9,cancelled
13682,10,23,2025-02-15,2,21.85,cancelled
13683,208,4,2025-02-15,3,1749.8,returned
13684,10,1,2025-02-15,4,3018.54,completed
13685,471,10,2025-02-15,4,654.68,completed
13686,135,11,2025-02-16,4,103.63,completed
13687,1,26,2025-02-16,2,65.02,completed
13688,175,4,2025-02-16,3,1803.33,completed
13689,279,17,2025-02-16,3,43.1,returned
13690,58,16,2025-02-16,2,43.67,returned
13691,252,11,2025-02-16,2,53.78,completed
13692,394,12,2025-02-16,4,378.3,completed
13693,265,28,2025-02-16,3,98.6,completed
13694,3,28,2025-02-16,4,121.45,completed
13695,3,18,2025-02-16,3,17.46,cancelled
13696,345,19,2025-02-16,4,96.28,completed
13697,181,17,2025-02-16,4,58.14,cancelled
13698,439,16,2025-02-16,3,65.43,cancelled
13699,153,1,2025-02-17,4,2836.02,returned
13700,455,2,2025-02-17,4,1605.69,completed
13701,289,14,2025-02-17,1,139.15,completed
13702,476,18,2025-02-17,2,11.36,completed
13703,241,20,2025-02-17,4,67.59,returned
13704,365,1,2025-02-17,3,2080.79,returned
13705,374,28,2025-02-17,4,122.39,completed
13706,68,4,2025-02-17,4,2382.05,returned
13707,148,27,2025-02-17,4,261.22,returned
13708,181,25,2025-02-17,3,167.57,completed
13709,93,25,2025-02-18,4,235.2,completed
13710,376,8,2025-02-18,2,83.31,completed
13711,95,21,2025-02-18,3,235.68,completed
13712,258,22,2025-02-18,4,81.33,completed
13713,477,3,2025-02-18,3,2526.34,completed
13714,189,15,2025-02-18,2,263.99,completed
13715,353,24,2025-02-18,4,149.13,cancelled
13716,334,4,2025-02-18,3,1636.01,completed
13717,23,30,2025-02-19,2,91.69,completed
13718,122,22,2025-02-19,3,62.5,completed
13719,209,13,2025-02-19,3,163.8,cancelled
13720,2,29,2025-02-19,4,163.17,cancelled
13721,482,11,2025-02-19,3,82.38,completed
13722,496,30,2025-02-19,3,142.76,completed
13723,201,4,2025-02-19,4,2172.82,returned
13724,345,9,2025-02-19,3,127.21,completed
13725,413,16,2025-02-19,1,22.47,completed
13726,97,1,2025-02-19,4,2770.15,completed
13727,200,23,2025-02-19,2,22.29,completed
13728,25,10,2025-02-20,4,649.32,returned
13729,107,11,2025-02-20,2,56.19,completed
13730,82,19,2025-02-20,3,77.59,returned
13731,76,5,2025-02-20,2,294.57,returned
13732,390,15,2025-02-20,4,486.96,completed
13733,369,18,2025-02-20,3,17.26,returned
13734,10,7,2025-02-20,4,474.92,cancelled
13735,34,26,2025-02-20,1,32.1,cancelled
13736,278,22,2025-02-21,1,21.08,cancelled
13737,222,4,2025-02-21,3,1786.51,returned
13738,148,1,2025-02-21,2,1498.47,completed
13739,310,1,2025-02-21,4,2951.72,cancelled
13740,61,17,2025-02-21,1,14.53,completed
13741,390,21,2025-02-21,3,226.18,completed
13742,376,8,2025-02-22,1,41.68,completed
13743,422,27,2025-02-22,3,191.45,returned
13744,81,8,2025-02-22,2,83.84,completed
13745,137,10,2025-02-22,2,326.3,returned
13746,92,1,2025-02-22,4,3062.12,cancelled
13747,94,30,2025-02-22,3,144.35,completed
13748,94,25,2025-02-22,3,173.04,returned
13749,10,30,2025-02-22,2,89.75,cancelled
13750,376,7,2025-02-22,2,242.71,completed
13751,104,29,2025-02-22,4,178.3,cancelled
13752,174,12,2025-02-22,2,182.32,completed
13753,314,25,2025-02-23,3,178.42,completed
13754,369,13,2025-02-23,4,209.08,returned
13755,3,6,2025-02-23,3,648.24,completed
13756,109,7,2025-02-23,4,483.14,completed
13757,405,3,2025-02-24,4,3102.62,completed
13758,217,21,2025-02-24,1,77.5,cancelled
13759,422,28,2025-02-24,3,92.01,completed
13760,208,2,2025-02-24,1,387.74,cancelled
13761,225,8,2025-02-24,3,129.53,completed
13762,467,18,2025-02-24,3,17.5,cancelled
13763,189,4,2025-02-24,2,1134.98,completed
13764,10,4,2025-02-24,1,580.23,completed
13765,172,12,2025-02-25,4,361.04,completed
13766,110,3,2025-02-25,1,792.38,completed
13767,422,4,2025-02-25,4,2175.33,completed
13768,38,13,2025-02-25,3,159.2,completed
13769,368,29,2025-02-25,2,87.35,returned
13770,222,11,2025-02-25,2,56.98,returned
13771,208,7,2025-02-26,3,381.28,completed
13772,386,30,2025-02-26,2,94.62,completed
13773,455,22,2025-02-26,3,61.26,completed
13774,346,16,2025-02-26,1,21.02,completed
13775,455,23,2025-02-26,4,42.01,returned
13776,242,11,2025-02-26,3,79.59,completed
13777,376,13,2025-02-26,1,53.93,completed
13778,222,5,2025-02-26,2,267.82,completed
13779,40,18,2025-02-26,3,17.84,cancelled
13780,225,25,2025-02-27,2,116.06,completed
13781,422,24,2025-02-27,3,100.82,completed
13782,131,6,2025-02-27,2,425.66,returned
13783,319,11,2025-02-27,3,77.22,cancelled
13784,10,27,2025-02-27,4,241.81,completed
13785,187,1,2025-02-27,2,1480.42,completed
13786,350,17,2025-02-27,2,28.15,completed
13787,133,29,2025-02-28,2,84.7,cancelled
13788,346,11,2025-02-28,3,79.34,returned
13789,10,9,2025-02-28,4,172.76,completed
13790,10,1,2025-02-28,4,3009.81,completed
13791,171,27,2025-02-28,1,64.41,returned
13792,478,22,2025-03-01,3,64.23,completed
13793,480,13,2025-03-01,1,50.48,completed
13794,208,18,2025-03-01,3,17.51,completed
13795,349,4,2025-03-01,1,597.9,returned
13796,186,17,2025-03-01,3,40.88,cancelled
13797,340,12,2025-03-01,2,193.0,cancelled
13798,133,9,2025-03-01,3,130.05,completed
13799,225,22,2025-03-01,1,21.91,cancelled
13800,64,30,2025-03-01,4,196.99,completed
13801,4,6,2025-03-01,3,626.77,completed
13802,43,11,2025-03-01,2,51.37,completed
13803,493,1,2025-03-01,3,2137.15,cancelled
13804,266,28,2025-03-01,2,64.3,cancelled
13805,255,18,2025-03-01,1,6.12,returned
13806,424,1,2025-03-01,3,2164.52,completed
13807,236,14,2025-03-01,4,529.31,completed
13808,10,17,2025-03-02,4,56.43,cancelled
13809,230,11,2025-03-02,4,109.17,completed
13810,398,10,2025-03-02,2,326.62,cancelled
13811,430,24,2025-03-02,3,102.71,returned
13812,470,21,2025-03-03,4,295.48,returned
13813,253,22,2025-03-03,4,79.99,returned
13814,282,8,2025-03-03,3,120.48,completed
13815,76,10,2025-03-03,3,485.88,completed
13816,326,15,2025-03-03,4,504.64,returned
13817,140,16,2025-03-03,2,44.98,completed
13818,311,30,2025-03-03,4,191.09,cancelled
13819,376,5,2025-03-03,4,589.81,returned
13820,143,28,2025-03-03,3,99.71,cancelled
13821,386,10,2025-03-03,3,521.14,completed
13822,57,5,2025-03-03,1,140.91,cancelled
13823,458,16,2025-03-04,4,84.25,returned
13824,366,9,2025-03-04,2,89.69,cancelled
13825,316,2,2025-03-04,1,414.95,returned
13826,173,4,2025-03-04,3,1744.02,returned
13827,78,3,2025-03-04,3,2370.84,cancelled
13828,241,23,2025-03-04,3,33.62,cancelled
13829,9,17,2025-03-04,1,13.82,completed
13830,210,7,2025-03-04,4,488.51,completed
13831,25,7,2025-03-04,4,474.37,completed
13832,66,24,2025-03-04,3,103.58,completed
13833,46,11,2025-03-04,4,110.46,completed
13834,309,14,2025-03-05,1,138.67,returned
13835,10,6,2025-03-05,3,615.43,cancelled
13836,10,4,2025-03-05,3,1803.78,completed
13837,1,6,2025-03-05,3,634.33,completed
13838,370,4,2025-03-05,1,587.85,completed
13839,10,15,2025-03-05,3,372.25,returned
13840,141,20,2025-03-05,2,35.45,completed
13841,112,28,2025-03-05,3,93.27,completed
13842,231,7,2025-03-05,3,372.31,cancelled
13843,458,4,2025-03-05,1,592.79,completed
13844,310,12,2025-03-05,3,268.35,completed
13845,478,11,2025-03-05,4,112.88,cancelled
13846,33,20,2025-03-05,1,17.38,returned
13847,241,21,2025-03-05,3,227.82,completed
13848,422,2,2025-03-05,2,797.91,cancelled
13849,98,8,2025-03-05,2,81.24,returned
13850,82,29,2025-03-06,3,133.88,completed
13851,348,8,2025-03-06,3,119.17,cancelled
13852,106,20,2025-03-06,2,33.73,completed
13853,10,11,2025-03-06,2,51.83,completed
13854,303,3,2025-03-06,4,3245.63,completed
13855,101,19,2025-03-06,4,102.53,completed
13856,277,5,2025-03-06,1,137.81,returned
13857,10,30,2025-03-06,1,47.64,cancelled
13858,351,22,2025-03-07,3,65.47,completed
13859,298,23,2025-03-07,1,10.54,completed
13860,10,14,2025-03-07,3,404.51,completed
13861,475,16,2025-03-07,4,87.3,completed
13862,244,10,2025-03-07,2,320.72,completed
13863,93,7,2025-03-07,4,462.21,completed
13864,65,27,2025-03-08,2,130.72,completed
13865,10,20,2025-03-08,4,69.22,completed
13866,78,21,2025-03-08,4,298.01,completed
13867,86,23,2025-03-08,1,10.73,completed
13868,471,3,2025-03-08,3,2399.27,completed
13869,10,10,2025-03-08,4,656.65,completed
13870,288,6,2025-03-08,3,643.89,completed
13871,447,5,2025-03-08,3,412.06,returned
13872,224,29,2025-03-08,3,133.12,completed
13873,237,9,2025-03-08,1,43.42,completed
13874,104,20,2025-03-08,2,33.12,cancelled
13875,478,3,2025-03-09,1,826.12,cancelled
13876,122,12,2025-03-09,4,385.51,returned
13877,404,20,2025-03-09,4,68.64,completed
13878,345,26,2025-03-09,4,137.45,completed
13879,406,25,2025-03-09,4,218.26,completed
13880,390,16,2025-03-09,4,89.53,completed
13881,3,1,2025-03-09,1,737.7,completed
13882,23,27,2025-03-09,3,184.31,cancelled
13883,495,14,2025-03-09,1,135.94,returned
13884,352,1,2025-03-09,4,2989.36,completed
13885,82,14,2025-03-09,2,262.86,completed
13886,10,20,2025-03-09,2,33.88,completed
13887,12,26,2025-03-10,3,103.15,completed
13888,92,14,2025-03-10,4,559.24,completed
13889,31,14,2025-03-10,2,272.12,cancelled
13890,115,29,2025-03-10,2,89.17,returned
13891,421,8,2025-03-10,1,41.42,completed
13892,380,25,2025-03-10,2,111.8,returned
13893,130,5,2025-03-10,2,287.15,cancelled
13894,112,19,2025-03-10,3,71.84,completed
13895,354,18,2025-03-10,1,5.98,cancelled
13896,81,21,2025-03-11,1,78.98,returned
13897,92,11,2025-03-11,2,56.46,completed
13898,87,7,2025-03-11,1,127.19,completed
13899,326,7,2025-03-11,4,481.24,returned
13900,271,5,2025-03-11,4,566.03,completed
13901,135,14,2025-03-11,4,508.7,cancelled
13902,6,9,2025-03-11,3,132.07,completed
13903,157,15,2025-03-11,2,255.23,completed
13904,471,21,2025-03-11,1,75.53,cancelled
13905,433,30,2025-03-11,1,48.43,completed
13906,51,21,2025-03-11,3,236.15,completed
13907,174,25,2025-03-12,3,164.43,completed
13908,309,17,2025-03-12,2,26.8,completed
13909,204,3,2025-03-12,1,784.06,returned
13910,371,15,2025-03-12,1,132.39,returned
13911,247,14,2025-03-12,1,129.14,cancelled
13912,10,21,2025-03-12,2,155.02,completed
13913,4,13,2025-03-12,2,105.68,returned
13914,345,29,2025-03-12,3,123.7,returned
13915,65,14,2025-03-12,2,265.19,returned
13916,281,27,2025-03-12,1,62.0,completed
13917,296,29,2025-03-12,4,174.89,completed
13918,141,18,2025-03-13,4,22.03,cancelled
13919,183,27,2025-03-13,3,196.26,completed
13920,472,2,2025-03-13,4,1716.46,cancelled
13921,465,15,2025-03-13,4,519.54,completed
13922,304,20,2025-03-13,2,33.46,returned
13923,345,4,2025-03-13,2,1205.96,completed
13924,477,11,2025-03-13,4,112.71,completed
13925,443,6,2025-03-13,3,638.55,cancelled
13926,10,3,2025-03-13,1,847.24,completed
13927,268,1,2025-03-13,3,2114.54,returned
13928,347,30,2025-03-13,2,93.82,completed
13929,116,12,2025-03-13,3,286.79,completed
13930,241,19,2025-03-13,1,25.76,completed
13931,10,23,2025-03-13,4,42.96,completed
13932,10,5,2025-03-14,1,141.75,returned
13933,429,10,2025-03-14,2,325.55,completed
13934,374,30,2025-03-14,4,197.96,completed
13935,376,10,2025-03-14,1,169.33,completed
13936,260,18,2025-03-14,4,23.0,completed
13937,334,30,2025-03-14,1,45.0,returned
13938,10,12,2025-03-14,4,371.89,completed
13939,338,17,2025-03-14,3,42.18,returned
13940,23,29,2025-03-15,1,42.15,completed
13941,167,28,2025-03-15,2,64.04,completed
13942,371,6,2025-03-15,1,213.62,completed
13943,334,26,2025-03-15,4,133.04,returned
13944,208,11,2025-03-15,2,53.03,returned
13945,458,14,2025-03-15,2,270.39,completed
13946,236,2,2025-03-15,1,405.08,completed
13947,390,1,2025-03-15,4,2962.1,returned
13948,18,4,2025-03-15,3,1697.07,completed
13949,3,24,2025-03-15,4,137.93,returned
13950,19,6,2025-03-15,4,880.1,cancelled
13951,357,19,2025-03-16,4,98.92,completed
13952,481,1,2025-03-16,1,695.58,completed
13953,385,2,2025-03-16,1,387.7,completed
13954,273,16,2025-03-16,1,22.31,cancelled
13955,114,17,2025-03-16,4,53.78,completed
13956,207,17,2025-03-16,3,39.95,cancelled
13957,458,23,2025-03-16,3,32.31,completed
13958,390,13,2025-03-16,1,49.48,completed
13959,207,14,2025-03-17,4,518.52,cancelled
13960,124,17,2025-03-17,3,41.54,cancelled
13961,315,29,2025-03-17,2,89.06,completed
13962,209,29,2025-03-17,4,177.64,returned
13963,139,1,2025-03-17,1,705.94,returned
13964,10,4,2025-03-17,4,2357.53,cancelled
13965,220,5,2025-03-17,4,541.05,completed
13966,128,8,2025-03-17,2,81.2,cancelled
13967,273,19,2025-03-17,2,48.41,completed
13968,376,16,2025-03-17,1,21.91,cancelled
13969,139,30,2025-03-17,1,48.48,completed
13970,10,2,2025-03-17,4,1711.28,completed
13971,334,7,2025-03-17,2,250.55,cancelled
13972,345,21,2025-03-18,3,242.62,completed
13973,10,16,2025-03-18,4,92.93,returned
13974,23,18,2025-03-18,1,5.88,returned
13975,273,14,2025-03-18,1,136.05,completed
13976,361,16,2025-03-18,4,84.24,returned
13977,174,26,2025-03-18,1,32.84,completed
13978,344,18,2025-03-19,4,23.77,returned
13979,10,29,2025-03-19,2,88.69,completed
13980,430,20,2025-03-19,1,17.65,completed
13981,467,27,2025-03-19,1,63.98,cancelled
13982,334,30,2025-03-19,3,134.48,returned
13983,208,14,2025-03-19,4,522.64,returned
13984,398,2,2025-03-19,4,1653.95,returned
13985,10,20,2025-03-19,1,17.46,completed
13986,157,7,2025-03-19,2,253.8,cancelled
13987,51,26,2025-03-19,1,32.3,completed
13988,417,11,2025-03-20,4,106.58,cancelled
13989,103,2,2025-03-20,4,1549.52,completed
13990,138,4,2025-03-20,1,563.72,completed
13991,492,2,2025-03-20,4,1585.69,completed
13992,466,24,2025-03-20,2,74.28,returned
13993,182,6,2025-03-20,2,418.76,completed
13994,262,11,2025-03-20,2,56.78,completed
13995,48,21,2025-03-20,1,79.06,completed
13996,10,14,2025-03-20,3,392.01,completed
13997,46,5,2025-03-20,3,434.52,completed
13998,305,9,2025-03-20,3,137.08,completed
13999,384,23,2025-03-20,4,41.58,returned
14000,414,2,2025-03-21,4,1562.56,cancelled
14001,10,8,2025-03-21,4,165.55,returned
14002,340,19,2025-03-21,1,26.27,completed
14003,364,23,2025-03-21,1,11.3,completed
14004,194,19,2025-03-21,1,24.17,completed
14005,338,19,2025-03-22,4,105.65,completed
14006,92,23,2025-03-22,4,42.0,completed
14007,114,29,2025-03-22,2,86.09,completed
14008,243,28,2025-03-22,3,90.78,returned
14009,386,8,2025-03-23,3,131.14,cancelled
14010,139,4,2025-03-23,2,1104.64,completed
14011,92,12,2025-03-23,2,180.62,returned
14012,46,24,2025-03-23,2,74.15,completed
14013,353,29,2025-03-24,3,121.64,completed
14014,10,2,2025-03-24,2,846.32,completed
14015,127,18,2025-03-24,2,11.37,returned
14016,336,16,2025-03-24,1,22.44,completed
14017,177,25,2025-03-24,3,164.35,completed
14018,208,18,2025-03-24,4,22.05,completed
14019,170,7,2025-03-24,2,250.67,returned
14020,202,3,2025-03-24,2,1581.32,completed
14021,10,10,2025-03-24,2,317.03,completed
14022,38,26,2025-03-24,1,33.24,completed
14023,295,23,2025-03-24,2,21.22,cancelled
14024,327,28,2025-03-24,1,30.34,completed
14025,390,30,2025-03-24,2,93.35,completed
14026,447,10,2025-03-24,4,666.27,completed
14027,458,7,2025-03-24,3,371.19,returned
14028,255,16,2025-03-24,4,91.32,completed
14029,498,21,2025-03-25,4,325.9,completed
14030,185,15,2025-03-25,4,501.26,completed
14031,187,20,2025-03-25,3,54.12,cancelled
14032,10,7,2025-03-25,4,466.85,returned
14033,98,4,2025-03-25,3,1660.91,completed
14034,380,15,2025-03-25,1,125.36,completed
14035,210,2,2025-03-25,3,1207.2,returned
14036,477,17,2025-03-25,1,14.33,completed
14037,351,15,2025-03-25,3,393.88,completed
14038,279,24,2025-03-25,3,109.83,completed
14039,30,2,2025-03-26,2,800.4,returned
14040,114,12,2025-03-26,2,175.32,cancelled
14041,133,3,2025-03-26,1,816.96,completed
14042,427,26,2025-03-26,2,63.67,completed
14043,30,11,2025-03-26,2,55.02,cancelled
14044,343,26,2025-03-26,4,131.4,returned
14045,10,22,2025-03-26,4,79.33,returned
14046,390,1,2025-03-26,4,2815.67,completed
14047,10,16,2025-03-26,2,44.84,completed
14048,133,25,2025-03-27,3,170.05,cancelled
14049,482,2,2025-03-27,1,407.16,completed
14050,266,7,2025-03-27,4,465.95,returned
14051,389,24,2025-03-27,3,105.6,returned
14052,455,29,2025-03-27,2,86.03,completed
14053,413,28,2025-03-27,2,61.83,cancelled
14054,182,7,2025-03-27,1,117.24,returned
14055,255,29,2025-03-28,4,161.67,returned
14056,221,15,2025-03-28,2,261.34,returned
14057,163,2,2025-03-28,2,788.87,completed
14058,390,10,2025-03-28,1,166.84,completed
14059,40,15,2025-03-28,3,395.62,returned
14060,181,9,2025-03-28,3,137.23,completed
14061,241,10,2025-03-28,4,692.64,completed
14062,188,13,2025-03-28,3,149.49,completed
14063,97,13,2025-03-28,4,200.02,completed
14064,42,20,2025-03-29,3,54.2,completed
14065,445,29,2025-03-29,3,130.5,completed
14066,220,12,2025-03-29,4,382.04,completed
14067,23,17,2025-03-29,3,44.09,completed
14068,479,22,2025-03-29,4,84.3,completed
14069,130,3,2025-03-29,1,839.56,cancelled
14070,234,7,2025-03-30,2,247.38,completed
14071,494,7,2025-03-30,3,375.84,completed
14072,400,26,2025-03-30,4,136.31,completed
14073,299,13,2025-03-30,2,98.94,completed
14074,349,30,2025-03-30,4,194.52,cancelled
14075,278,10,2025-03-30,2,348.01,completed
14076,390,21,2025-03-31,2,153.6,returned
14077,419,12,2025-03-31,2,188.49,returned
14078,217,21,2025-03-31,4,306.81,returned
14079,241,3,2025-03-31,4,3413.85,completed
14080,46,2,2025-03-31,2,811.22,cancelled
14081,71,16,2025-03-31,3,65.24,completed
14082,255,23,2025-03-31,2,21.61,completed
14083,279,30,2025-03-31,1,49.11,completed
14084,3,16,2025-03-31,4,86.27,completed
14085,354,1,2025-03-31,4,2971.94,cancelled
14086,131,8,2025-03-31,3,124.68,returned
14087,395,21,2025-03-31,4,298.68,completed
14088,201,13,2025-03-31,4,217.41,completed
14089,433,17,2025-03-31,4,58.08,returned
14090,236,5,2025-03-31,1,146.25,completed
14091,315,12,2025-03-31,2,175.26,completed
14092,10,25,2025-03-31,2,118.04,completed
14093,81,4,2025-03-31,3,1692.92,completed
14094,51,13,2025-03-31,4,199.63,completed
14095,142,19,2025-03-31,3,71.9,returned
14096,54,7,2025-03-31,4,500.94,completed
14097,314,3,2025-03-31,4,3411.09,completed
14098,3,15,2025-04-01,1,129.93,cancelled
14099,466,11,2025-04-01,1,27.63,completed
14100,134,16,2025-04-01,2,44.94,completed
14101,104,5,2025-04-01,3,415.62,completed
14102,339,21,2025-04-01,3,234.17,cancelled
14103,286,30,2025-04-01,1,44.74,cancelled
14104,225,23,2025-04-01,1,10.98,completed
14105,278,5,2025-04-01,3,406.56,completed
14106,15,1,2025-04-01,4,2979.84,completed
14107,291,7,2025-04-01,2,237.51,completed
14108,404,25,2025-04-01,4,220.53,completed
14109,245,17,2025-04-01,4,57.88,cancelled
14110,241,12,2025-04-02,2,177.97,cancelled
14111,259,24,2025-04-02,1,35.77,completed
14112,10,24,2025-04-02,3,104.04,completed
14113,40,22,2025-04-02,2,43.81,completed
14114,372,23,2025-04-02,3,33.73,completed
14115,82,11,2025-04-02,3,78.1,completed
14116,46,9,2025-04-02,1,44.83,completed
14117,205,27,2025-04-02,3,187.07,completed
14118,355,9,2025-04-02,1,42.03,completed
14119,306,7,2025-04-02,3,380.38,completed
14120,311,15,2025-04-02,3,374.55,completed
14121,92,2,2025-04-03,1,422.87,returned
14122,322,30,2025-04-03,1,47.62,completed
14123,314,13,2025-04-03,1,51.71,completed
14124,353,2,2025-04-03,3,1249.2,completed
14125,10,10,2025-04-03,1,158.88,completed
14126,368,24,2025-04-03,3,105.27,returned
14127,474,13,2025-04-03,2,109.36,completed
14128,82,23,2025-04-03,3,33.64,completed
14129,327,2,2025-04-04,1,417.97,returned
14130,20,1,2025-04-04,1,704.57,completed
14131,277,7,2025-04-04,3,374.64,completed
14132,316,4,2025-04-04,4,2371.68,cancelled
14133,441,20,2025-04-04,3,53.59,completed
14134,353,13,2025-04-04,2,108.51,returned
14135,10,7,2025-04-04,2,246.9,cancelled
14136,84,26,2025-04-04,2,63.76,cancelled
14137,296,18,2025-04-04,4,22.68,returned
14138,298,17,2025-04-04,2,26.98,completed
14139,260,3,2025-04-04,3,2333.06,returned
14140,163,11,2025-04-04,4,110.13,cancelled
14141,256,29,2025-04-04,2,85.67,completed
14142,197,6,2025-04-05,2,432.92,completed
14143,139,16,2025-04-05,4,84.95,completed
14144,133,15,2025-04-05,1,123.99,completed
14145,497,24,2025-04-05,1,34.87,completed
14146,161,22,2025-04-05,1,21.55,completed
14147,194,27,2025-04-05,3,181.33,returned
14148,203,23,2025-04-05,1,10.45,returned
14149,422,3,2025-04-05,2,1714.34,cancelled
14150,497,15,2025-04-05,4,514.56,completed
14151,10,24,2025-04-06,1,36.8,completed
14152,460,7,2025-04-06,3,364.11,completed
14153,30,7,2025-04-06,2,251.94,completed
14154,481,1,2025-04-06,3,2086.66,completed
14155,233,7,2025-04-06,1,116.78,completed
14156,155,20,2025-04-06,4,66.77,cancelled
14157,141,21,2025-04-06,2,150.18,completed
14158,208,7,2025-04-06,2,247.82,completed
14159,92,1,2025-04-06,1,749.49,completed
14160,424,29,2025-04-06,1,42.55,cancelled
14161,390,23,2025-04-06,2,21.66,completed
14162,481,22,2025-04-06,4,80.6,returned
14163,76,18,2025-04-07,2,11.65,cancelled
14164,259,3,2025-04-07,1,828.79,completed
14165,23,24,2025-04-07,4,147.47,completed
14166,445,13,2025-04-07,1,50.36,returned
14167,291,1,2025-04-07,3,2259.54,completed
14168,10,11,2025-04-07,4,111.95,cancelled
14169,358,12,2025-04-07,4,357.45,completed
14170,187,11,2025-04-07,1,26.09,completed
14171,365,30,2025-04-07,4,181.67,completed
14172,83,13,2025-04-07,4,206.44,completed
14173,123,25,2025-04-07,3,173.98,cancelled
14174,351,12,2025-04-08,2,190.08,returned
14175,254,27,2025-04-08,4,261.68,returned
14176,272,9,2025-04-08,4,175.26,cancelled
14177,489,28,2025-04-08,2,61.21,completed
14178,396,12,2025-04-08,2,180.78,returned
14179,177,13,2025-04-08,3,154.17,cancelled
14180,411,24,2025-04-08,1,37.12,completed
14181,443,12,2025-04-08,1,95.02,completed
14182,10,28,2025-04-08,4,128.29,completed
14183,344,9,2025-04-08,2,86.02,returned
14184,6,24,2025-04-08,1,34.3,completed
14185,362,29,2025-04-09,3,132.95,cancelled
14186,23,26,2025-04-09,4,133.42,completed
14187,466,11,2025-04-09,4,106.39,completed
14188,391,20,2025-04-09,4,66.06,cancelled
14189,255,1,2025-04-09,4,2933.15,cancelled
14190,390,23,2025-04-09,4,44.92,cancelled
14191,186,16,2025-04-09,4,85.67,completed
14192,241,2,2025-04-09,3,1261.57,completed
14193,438,23,2025-04-09,3,33.53,cancelled
14194,390,6,2025-04-10,3,662.53,returned
14195,364,18,2025-04-10,4,22.13,completed
14196,335,30,2025-04-10,2,95.95,cancelled
14197,458,1,2025-04-10,2,1412.99,returned
14198,4,27,2025-04-10,1,59.47,completed
14199,10,16,2025-04-10,2,42.14,completed
14200,279,23,2025-04-10,3,31.27,returned
14201,86,4,2025-04-10,2,1197.65,cancelled
14202,240,23,2025-04-10,4,45.26,completed
14203,10,29,2025-04-11,3,133.75,cancelled
14204,89,21,2025-04-11,2,162.39,completed
14205,55,13,2025-04-11,1,53.91,returned
14206,498,14,2025-04-11,2,255.85,completed
14207,10,11,2025-04-11,1,25.89,returned
14208,172,1,2025-04-11,3,2140.67,returned
14209,273,28,2025-04-11,3,96.05,cancelled
14210,244,21,2025-04-11,3,241.85,completed
14211,104,19,2025-04-11,1,24.3,returned
14212,31,16,2025-04-11,1,21.78,cancelled
14213,128,16,2025-04-11,4,92.04,returned
14214,50,11,2025-04-12,4,108.06,completed
14215,200,21,2025-04-12,4,310.55,cancelled
14216,471,4,2025-04-12,1,542.87,returned
14217,397,23,2025-04-12,2,22.0,completed
14218,345,17,2025-04-12,3,40.99,completed
14219,273,10,2025-04-12,3,497.25,completed
14220,213,26,2025-04-12,4,129.99,cancelled
14221,330,18,2025-04-12,2,11.09,cancelled
14222,141,15,2025-04-12,4,521.89,returned
14223,198,14,2025-04-12,2,275.27,completed
14224,51,2,2025-04-13,4,1555.24,completed
14225,279,3,2025-04-13,1,782.21,cancelled
14226,273,9,2025-04-13,4,172.98,returned
14227,345,29,2025-04-13,2,81.42,completed
14228,303,4,2025-04-13,3,1715.33,completed
14229,315,11,2025-04-13,3,82.07,completed
14230,225,7,2025-04-13,2,247.25,completed
14231,351,27,2025-04-14,4,249.03,completed
14232,351,18,2025-04-14,2,12.01,returned
14233,277,18,2025-04-14,2,11.13,completed
14234,258,4,2025-04-14,1,577.79,cancelled
14235,390,30,2025-04-14,2,89.79,cancelled
14236,485,1,2025-04-14,3,2099.15,completed
14237,410,11,2025-04-14,4,113.63,completed
14238,81,16,2025-04-14,2,45.72,completed
14239,213,22,2025-04-15,2,40.69,completed
14240,312,30,2025-04-15,1,45.14,cancelled
14241,3,13,2025-04-15,3,156.57,cancelled
14242,301,6,2025-04-15,2,436.82,completed
14243,492,11,2025-04-15,2,54.79,cancelled
14244,390,17,2025-04-15,2,26.93,completed
14245,304,7,2025-04-16,2,252.22,completed
14246,475,19,2025-04-16,1,24.36,returned
14247,188,7,2025-04-16,4,480.28,returned
14248,355,30,2025-04-16,1,48.91,completed
14249,191,10,2025-04-16,4,648.43,completed
14250,151,28,2025-04-16,1,31.7,completed
14251,255,8,2025-04-16,2,81.08,completed
14252,254,13,2025-04-16,1,51.92,completed
14253,494,5,2025-04-16,2,270.16,returned
14254,13,13,2025-04-16,4,198.59,completed
14255,3,15,2025-04-16,1,131.3,completed
14256,282,24,2025-04-17,3,104.85,cancelled
14257,335,30,2025-04-17,4,190.92,returned
14258,11,12,2025-04-17,1,89.81,cancelled
14259,59,7,2025-04-17,4,472.83,completed
14260,277,7,2025-04-17,1,120.26,completed
14261,339,21,2025-04-17,1,78.12,cancelled
14262,262,26,2025-04-17,4,128.37,completed
14263,74,23,2025-04-17,2,22.92,completed
14264,284,9,2025-04-17,2,88.86,completed
14265,10,24,2025-04-17,2,71.56,cancelled
14266,447,5,2025-04-17,2,289.24,completed
14267,255,15,2025-04-18,2,244.17,completed
14268,266,23,2025-04-18,2,21.8,completed
14269,208,1,2025-04-18,4,2798.85,cancelled
14270,10,1,2025-04-18,3,2180.67,returned
14271,370,8,2025-04-18,2,80.23,completed
14272,330,25,2025-04-18,1,57.59,completed
14273,414,1,2025-04-18,1,759.54,completed
14274,273,26,2025-04-18,2,64.75,completed
14275,348,19,2025-04-18,3,76.12,returned
14276,442,4,2025-04-18,3,1764.44,completed
14277,10,7,2025-04-18,2,251.2,cancelled
14278,430,5,2025-04-19,4,586.61,completed
14279,240,19,2025-04-19,4,99.49,completed
14280,17,22,2025-04-19,1,20.46,completed
14281,141,1,2025-04-19,1,741.77,completed
14282,337,7,2025-04-19,1,121.42,completed
14283,109,22,2025-04-19,1,20.0,returned
14284,412,25,2025-04-19,2,111.96,cancelled
14285,194,12,2025-04-19,2,179.28,returned
14286,109,14,2025-04-19,1,136.41,completed
14287,264,25,2025-04-20,4,223.32,completed
14288,118,1,2025-04-20,2,1411.49,returned
14289,278,21,2025-04-20,4,296.81,cancelled
14290,494,28,2025-04-20,2,64.59,completed
14291,123,19,2025-04-20,3,73.99,completed
14292,208,12,2025-04-20,2,181.75,completed
14293,353,23,2025-04-20,3,34.23,returned
14294,222,3,2025-04-20,3,2360.45,completed
14295,465,2,2025-04-20,2,821.7,completed
14296,317,18,2025-04-20,2,11.73,cancelled
14297,162,7,2025-04-20,3,374.09,returned
14298,411,13,2025-04-20,4,199.52,completed
14299,152,24,2025-04-20,2,71.39,completed
14300,277,8,2025-04-21,1,41.18,completed
14301,274,18,2025-04-21,1,5.75,completed
14302,339,15,2025-04-21,3,360.05,completed
14303,147,20,2025-04-21,1,16.81,completed
14304,315,28,2025-04-21,3,99.89,completed
14305,157,4,2025-04-21,3,1689.55,completed
14306,214,15,2025-04-21,3,382.62,returned
14307,478,22,2025-04-21,2,41.23,completed
14308,343,12,2025-04-21,3,266.67,cancelled
14309,3,20,2025-04-21,3,50.83,completed
14310,447,16,2025-04-21,2,42.01,cancelled
14311,84,20,2025-04-22,1,16.55,completed
14312,137,5,2025-04-22,2,294.24,completed
14313,119,1,2025-04-22,2,1503.27,completed
14314,10,15,2025-04-22,2,243.94,returned
14315,202,18,2025-04-22,2,11.31,returned
14316,181,12,2025-04-22,1,96.43,returned
14317,94,5,2025-04-22,1,147.96,returned
14318,31,23,2025-04-22,4,42.61,completed
14319,320,27,2025-04-22,3,182.13,cancelled
14320,445,16,2025-04-23,4,84.14,completed
14321,351,6,2025-04-23,2,439.79,completed
14322,445,1,2025-04-23,2,1476.59,cancelled
14323,10,19,2025-04-23,2,52.87,completed
14324,255,27,2025-04-23,2,120.42,returned
14325,241,16,2025-04-23,3,67.6,completed
14326,10,9,2025-04-23,3,139.51,completed
14327,98,21,2025-04-23,1,76.07,returned
14328,460,7,2025-04-23,2,234.98,cancelled
14329,192,14,2025-04-23,1,139.2,completed
14330,187,6,2025-04-23,2,424.59,completed
14331,341,26,2025-04-23,2,66.27,completed
14332,10,6,2025-04-23,1,222.3,completed
14333,398,1,2025-04-24,4,2822.63,completed
14334,10,19,2025-04-24,1,25.12,returned
14335,98,12,2025-04-24,2,178.2,completed
14336,325,24,2025-04-24,2,71.2,returned
14337,412,27,2025-04-24,1,59.49,completed
14338,125,25,2025-04-24,2,113.52,cancelled
14339,437,26,2025-04-24,1,32.83,returned
14340,459,4,2025-04-24,3,1717.43,completed
14341,188,16,2025-04-24,2,44.69,returned
14342,220,4,2025-04-24,1,595.56,completed
14343,270,4,2025-04-24,2,1126.17,completed
14344,45,5,2025-04-24,1,145.35,returned
14345,294,8,2025-04-24,4,159.11,cancelled
14346,434,10,2025-04-24,4,689.93,cancelled
14347,273,14,2025-04-25,1,139.12,completed
14348,359,25,2025-04-25,2,119.99,completed
14349,345,3,2025-04-25,2,1614.68,completed
14350,477,22,2025-04-25,3,59.49,completed
14351,255,7,2025-04-25,1,126.08,returned
14352,212,1,2025-04-25,4,2924.8,completed
14353,135,19,2025-04-25,4,104.97,returned
14354,405,8,2025-04-26,4,163.05,cancelled
14355,154,14,2025-04-26,4,550.62,returned
14356,124,27,2025-04-26,4,242.71,returned
14357,214,22,2025-04-26,3,60.99,completed
14358,368,19,2025-04-26,3,78.61,completed
14359,42,21,2025-04-26,1,79.86,completed
14360,167,13,2025-04-26,2,100.27,returned
14361,159,22,2025-04-26,2,41.71,cancelled
14362,270,3,2025-04-26,1,806.1,completed
14363,109,3,2025-04-26,1,836.16,cancelled
14364,10,26,2025-04-27,4,130.66,returned
14365,17,2,2025-04-27,1,413.02,completed
14366,101,22,2025-04-27,3,63.68,completed
14367,77,24,2025-04-27,2,69.26,completed
14368,104,30,2025-04-27,2,92.69,completed
14369,278,14,2025-04-27,3,418.5,completed
14370,371,14,2025-04-27,4,544.06,completed
14371,159,13,2025-04-27,4,217.15,completed
14372,125,13,2025-04-27,1,51.51,returned
14373,351,28,2025-04-28,3,92.03,cancelled
14374,262,23,2025-04-28,3,32.57,completed
14375,288,26,2025-04-28,1,33.48,completed
14376,225,29,2025-04-28,2,87.04,cancelled
14377,421,1,2025-04-28,1,745.89,cancelled
14378,281,13,2025-04-28,4,202.8,completed
14379,46,25,2025-04-28,3,170.31,completed
14380,31,21,2025-04-29,1,76.89,completed
14381,311,11,2025-04-29,1,28.22,completed
14382,242,4,2025-04-29,3,1671.78,completed
14383,74,16,2025-04-29,1,21.1,completed
14384,242,3,2025-04-29,2,1579.59,completed
14385,459,9,2025-04-29,4,169.81,completed
14386,466,12,2025-04-29,2,190.07,returned
14387,297,29,2025-04-29,2,85.6,cancelled
14388,255,26,2025-04-29,4,132.49,cancelled
14389,365,1,2025-04-30,1,697.68,completed
14390,175,15,2025-04-30,3,373.38,completed
14391,478,28,2025-04-30,2,60.39,completed
14392,82,12,2025-04-30,2,176.79,returned
14393,214,19,2025-04-30,3,72.19,completed
14394,248,13,2025-04-30,3,150.41,completed
14395,62,13,2025-04-30,1,49.77,cancelled
14396,13,17,2025-04-30,4,58.95,returned
14397,222,5,2025-04-30,1,138.63,completed
14398,3,21,2025-04-30,3,228.35,completed
14399,194,12,2025-05-01,3,282.53,completed
14400,371,3,2025-05-01,4,3163.5,cancelled
14401,345,18,2025-05-01,1,6.11,returned
14402,351,15,2025-05-01,3,361.56,cancelled
14403,181,27,2025-05-01,4,258.82,returned
14404,13,15,2025-05-01,1,125.08,returned
14405,471,4,2025-05-01,2,1204.8,completed
14406,152,23,2025-05-01,1,10.68,cancelled
14407,10,3,2025-05-01,2,1605.08,completed
14408,390,21,2025-05-01,1,81.06,completed
14409,425,16,2025-05-01,1,22.1,completed
14410,281,19,2025-05-02,1,24.34,completed
14411,158,28,2025-05-02,2,66.22,cancelled
14412,472,8,2025-05-02,2,79.96,completed
14413,207,4,2025-05-02,2,1130.9,cancelled
14414,345,20,2025-05-02,2,34.12,completed
14415,351,5,2025-05-02,2,292.13,returned
14416,454,22,2025-05-02,1,20.25,completed
14417,209,3,2025-05-02,1,829.33,cancelled
14418,490,26,2025-05-02,3,100.74,completed
14419,10,16,2025-05-02,1,21.75,completed
14420,353,23,2025-05-02,3,34.56,completed
14421,390,5,2025-05-02,2,294.61,cancelled
14422,10,16,2025-05-03,3,69.77,returned
14423,255,8,2025-05-03,1,42.43,returned
14424,277,6,2025-05-03,3,629.29,cancelled
14425,345,17,2025-05-03,3,42.64,cancelled
14426,207,28,2025-05-03,4,123.25,completed
14427,97,6,2025-05-03,3,621.83,completed
14428,208,20,2025-05-03,4,69.4,completed
14429,208,2,2025-05-03,1,424.92,completed
14430,312,12,2025-05-03,4,382.03,completed
14431,452,23,2025-05-04,3,31.63,returned
14432,84,24,2025-05-04,1,35.62,cancelled
14433,377,15,2025-05-04,4,526.36,returned
14434,386,27,2025-05-04,2,127.04,cancelled
14435,77,14,2025-05-04,1,136.25,returned
14436,459,26,2025-05-04,3,100.89,completed
14437,77,18,2025-05-05,2,11.29,completed
14438,314,2,2025-05-05,1,388.25,returned
14439,273,22,2025-05-05,2,40.09,returned
14440,207,14,2025-05-05,3,418.69,cancelled
14441,368,12,2025-05-05,4,368.13,cancelled
14442,399,1,2025-05-05,3,2259.91,completed
14443,285,6,2025-05-05,4,836.81,cancelled
14444,353,18,2025-05-05,2,11.49,completed
14445,141,11,2025-05-05,3,78.27,completed
14446,334,10,2025-05-05,4,698.94,cancelled
14447,187,27,2025-05-05,2,123.5,cancelled
14448,139,30,2025-05-05,1,46.43,completed
14449,438,30,2025-05-05,1,47.52,completed
14450,132,13,2025-05-05,2,99.02,completed
14451,381,26,2025-05-05,3,96.46,completed
14452,421,14,2025-05-06,2,266.9,cancelled
14453,430,21,2025-05-06,1,80.61,completed
14454,364,20,2025-05-06,3,50.8,completed
14455,112,30,2025-05-06,2,93.2,cancelled
14456,422,17,2025-05-06,1,13.5,completed
14457,142,4,2025-05-06,4,2342.22,completed
14458,468,7,2025-05-06,1,123.38,completed
14459,443,29,2025-05-06,4,167.45,completed
14460,139,7,2025-05-06,4,463.09,completed
14461,305,7,2025-05-06,4,496.0,completed
14462,242,16,2025-05-06,3,63.56,completed
14463,194,1,2025-05-06,1,757.93,cancelled
14464,467,12,2025-05-06,1,87.67,cancelled
14465,9,14,2025-05-06,1,138.21,completed
14466,90,4,2025-05-06,3,1806.62,completed
14467,59,7,2025-05-06,4,470.97,completed
14468,133,24,2025-05-06,1,36.84,completed
14469,222,13,2025-05-06,1,49.43,completed
14470,123,24,2025-05-07,4,137.49,completed
14471,277,29,2025-05-07,1,44.4,cancelled
14472,198,11,2025-05-07,4,105.48,returned
14473,185,8,2025-05-07,2,87.44,cancelled
14474,244,26,2025-05-07,1,33.26,completed
14475,47,4,2025-05-07,2,1147.45,returned
14476,130,7,2025-05-08,4,494.72,completed
14477,85,16,2025-05-08,3,68.73,completed
14478,5,9,2025-05-08,3,135.96,completed
14479,484,11,2025-05-08,1,25.81,completed
14480,10,18,2025-05-08,4,22.74,completed
14481,74,2,2025-05-08,2,829.75,completed
14482,10,26,2025-05-08,1,32.61,cancelled
14483,455,11,2025-05-08,2,55.76,completed
14484,482,16,2025-05-08,2,44.4,returned
14485,27,23,2025-05-08,2,22.15,cancelled
14486,422,19,2025-05-09,4,104.53,completed
14487,438,19,2025-05-09,3,76.62,completed
14488,447,1,2025-05-09,2,1475.75,completed
14489,10,18,2025-05-09,3,17.03,returned
14490,211,12,2025-05-09,1,94.45,returned
14491,355,10,2025-05-09,3,500.74,completed
14492,89,10,2025-05-10,2,337.96,returned
14493,425,12,2025-05-10,2,193.25,completed
14494,470,9,2025-05-10,2,88.07,completed
14495,1,8,2025-05-10,4,175.33,completed
14496,277,11,2025-05-10,3,78.65,completed
14497,410,14,2025-05-10,3,387.03,completed
14498,380,16,2025-05-10,2,42.56,completed
14499,23,2,2025-05-10,1,423.74,completed
14500,97,15,2025-05-10,2,255.77,completed
14501,427,9,2025-05-10,3,130.69,cancelled
14502,426,26,2025-05-11,4,130.29,completed
14503,10,27,2025-05-11,3,181.81,completed
14504,285,29,2025-05-11,2,83.8,returned
14505,212,6,2025-05-11,3,642.9,completed
14506,390,29,2025-05-11,2,85.32,completed
14507,370,22,2025-05-11,2,43.15,completed
14508,371,9,2025-05-11,2,88.54,returned
14509,410,29,2025-05-12,3,127.09,returned
14510,183,9,2025-05-12,4,173.45,completed
14511,288,27,2025-05-12,4,247.46,completed
14512,475,13,2025-05-12,3,164.44,completed
14513,142,11,2025-05-12,1,27.24,returned
14514,353,11,2025-05-12,3,78.91,completed
14515,23,11,2025-05-12,3,84.12,completed
14516,273,27,2025-05-12,1,60.15,completed
14517,186,23,2025-05-13,4,42.56,returned
14518,421,15,2025-05-13,2,246.74,cancelled
14519,194,2,2025-05-13,4,1554.66,completed
14520,228,29,2025-05-13,4,178.55,returned
14521,493,24,2025-05-13,1,34.5,completed
14522,74,24,2025-05-13,1,36.84,returned
14523,298,14,2025-05-13,2,266.17,cancelled
14524,87,21,2025-05-14,3,240.63,returned
14525,340,2,2025-05-14,4,1693.93,cancelled
14526,104,18,2025-05-14,3,17.73,completed
14527,221,11,2025-05-14,2,54.53,returned
14528,317,1,2025-05-14,3,2228.16,cancelled
14529,67,9,2025-05-14,4,169.16,returned
14530,339,6,2025-05-14,4,827.76,completed
14531,195,19,2025-05-14,4,99.28,completed
14532,10,9,2025-05-14,3,138.49,completed
14533,241,19,2025-05-14,2,51.85,completed
14534,141,25,2025-05-14,3,180.45,returned
14535,181,4,2025-05-15,2,1142.3,completed
14536,472,19,2025-05-15,2,52.58,completed
14537,344,16,2025-05-15,3,63.49,completed
14538,481,9,2025-05-15,1,42.27,returned
14539,465,13,2025-05-15,2,109.1,completed
14540,411,7,2025-05-15,2,245.88,completed
14541,40,20,2025-05-15,4,71.8,cancelled
14542,220,28,2025-05-15,3,98.11,returned
14543,185,25,2025-05-15,4,237.23,returned
14544,380,7,2025-05-15,3,362.67,completed
14545,133,14,2025-05-15,2,272.89,completed
14546,255,12,2025-05-15,1,89.57,completed
14547,291,28,2025-05-16,2,65.93,completed
14548,228,8,2025-05-16,4,160.16,completed
14549,497,8,2025-05-16,2,83.68,completed
14550,345,10,2025-05-16,4,669.8,completed
14551,354,29,2025-05-16,1,42.72,cancelled
14552,231,14,2025-05-17,4,551.66,cancelled
14553,441,28,2025-05-17,2,66.64,completed
14554,334,1,2025-05-17,2,1526.7,completed
14555,3,2,2025-05-17,2,853.95,cancelled
14556,63,7,2025-05-17,2,233.88,cancelled
14557,80,26,2025-05-17,3,95.22,cancelled
14558,101,10,2025-05-17,1,158.44,cancelled
14559,353,14,2025-05-17,2,270.13,completed
14560,329,27,2025-05-17,3,177.69,cancelled
14561,140,15,2025-05-18,2,243.09,completed
14562,322,29,2025-05-18,4,176.92,returned
14563,49,17,2025-05-18,4,55.1,returned
14564,376,20,2025-05-18,2,33.62,completed
14565,389,1,2025-05-18,3,2228.17,completed
14566,23,1,2025-05-18,1,764.08,completed
14567,155,10,2025-05-18,2,330.04,completed
14568,225,7,2025-05-18,3,347.09,completed
14569,390,26,2025-05-18,2,64.29,completed
14570,182,15,2025-05-19,2,245.95,completed
14571,154,26,2025-05-19,3,102.52,completed
14572,104,7,2025-05-19,3,350.85,cancelled
14573,174,9,2025-05-19,1,46.17,completed
14574,345,20,2025-05-19,3,49.3,returned
14575,423,21,2025-05-19,3,227.33,completed
14576,10,14,2025-05-19,3,396.59,returned
14577,254,25,2025-05-19,4,234.6,returned
14578,90,6,2025-05-19,1,201.77,cancelled
14579,17,24,2025-05-20,2,71.26,completed
14580,10,20,2025-05-20,4,68.1,cancelled
14581,142,3,2025-05-20,3,2517.86,completed
14582,278,28,2025-05-20,1,32.13,completed
14583,403,9,2025-05-20,3,138.3,completed
14584,328,5,2025-05-20,2,283.93,completed
14585,390,29,2025-05-20,4,170.32,completed
14586,345,1,2025-05-20,2,1504.66,cancelled
14587,311,1,2025-05-21,2,1397.77,completed
14588,57,6,2025-05-21,3,613.32,cancelled
14589,131,24,2025-05-21,1,36.71,completed
14590,273,18,2025-05-21,4,23.28,completed
14591,15,20,2025-05-21,3,53.84,returned
14592,427,6,2025-05-21,3,626.11,completed
14593,372,23,2025-05-21,4,45.01,completed
14594,133,2,2025-05-21,4,1713.08,completed
14595,500,15,2025-05-22,1,121.65,completed
14596,226,25,2025-05-22,1,56.41,completed
14597,203,2,2025-05-22,3,1239.94,completed
14598,480,26,2025-05-22,4,125.34,returned
14599,23,5,2025-05-22,4,560.67,completed
14600,498,20,2025-05-22,4,71.78,cancelled
14601,274,26,2025-05-22,4,136.25,completed
14602,7,30,2025-05-22,3,148.33,completed
14603,311,20,2025-05-22,4,67.57,completed
14604,101,11,2025-05-23,3,83.52,cancelled
14605,390,17,2025-05-23,3,42.52,completed
14606,46,17,2025-05-23,2,28.7,completed
14607,373,27,2025-05-23,1,59.53,completed
14608,201,3,2025-05-23,2,1548.92,cancelled
14609,361,11,2025-05-23,3,85.11,completed
14610,271,22,2025-05-24,3,64.84,returned
14611,186,21,2025-05-24,4,300.44,cancelled
14612,413,20,2025-05-24,4,71.2,completed
14613,351,28,2025-05-24,2,66.11,completed
14614,345,12,2025-05-24,3,268.96,returned
14615,404,5,2025-05-24,4,593.94,cancelled
14616,351,7,2025-05-24,3,380.09,completed
14617,97,10,2025-05-24,4,666.93,returned
14618,277,21,2025-05-24,3,237.42,completed
14619,181,14,2025-05-24,3,393.5,completed
14620,210,13,2025-05-24,3,158.56,returned
14621,174,29,2025-05-24,2,88.17,completed
14622,255,9,2025-05-24,4,176.08,completed
14623,294,6,2025-05-25,3,632.26,completed
14624,241,19,2025-05-25,1,24.84,returned
14625,10,24,2025-05-25,3,105.32,completed
14626,150,25,2025-05-25,2,118.92,completed
14627,142,23,2025-05-25,4,45.88,returned
14628,400,24,2025-05-25,2,69.98,completed
14629,321,13,2025-05-25,4,200.15,returned
14630,81,17,2025-05-25,3,41.42,completed
14631,82,17,2025-05-25,4,55.78,completed
14632,80,5,2025-05-25,2,295.61,returned
14633,103,19,2025-05-25,1,24.95,completed
14634,489,20,2025-05-25,2,35.0,completed
14635,104,30,2025-05-25,1,48.79,returned
14636,474,8,2025-05-26,2,85.56,completed
14637,83,16,2025-05-26,1,21.69,returned
14638,176,25,2025-05-26,2,117.07,returned
14639,310,17,2025-05-26,4,59.03,cancelled
14640,115,5,2025-05-26,3,421.99,completed
14641,92,13,2025-05-26,1,52.66,returned
14642,415,11,2025-05-26,4,104.39,returned
14643,10,22,2025-05-26,2,43.47,completed
14644,489,3,2025-05-26,2,1648.26,cancelled
14645,451,2,2025-05-26,4,1690.35,completed
14646,190,6,2025-05-27,3,628.48,returned
14647,97,13,2025-05-27,3,148.13,completed
14648,364,17,2025-05-27,2,28.51,completed
14649,351,30,2025-05-27,2,96.73,completed
14650,82,1,2025-05-27,3,2263.93,completed
14651,107,5,2025-05-27,1,136.7,completed
14652,474,18,2025-05-27,3,16.71,returned
14653,242,9,2025-05-27,1,45.45,returned
14654,316,12,2025-05-28,3,288.67,cancelled
14655,390,4,2025-05-28,4,2359.21,completed
14656,224,7,2025-05-28,2,238.58,completed
14657,92,23,2025-05-28,1,10.68,completed
14658,455,24,2025-05-28,2,68.51,completed
14659,255,21,2025-05-28,1,75.64,completed
14660,10,29,2025-05-28,2,87.12,completed
14661,273,5,2025-05-28,4,588.51,completed
14662,174,9,2025-05-29,4,178.21,completed
14663,133,20,2025-05-29,4,67.52,completed
14664,222,3,2025-05-29,4,3131.18,cancelled
14665,241,21,2025-05-29,4,298.91,returned
14666,139,14,2025-05-29,4,543.44,returned
14667,361,12,2025-05-29,3,262.5,completed
14668,336,29,2025-05-29,4,173.42,returned
14669,266,20,2025-05-29,3,51.86,returned
14670,220,7,2025-05-29,2,253.82,completed
14671,203,25,2025-05-29,1,57.98,completed
14672,399,22,2025-05-29,4,80.36,completed
14673,142,24,2025-05-30,4,143.04,returned
14674,237,3,2025-05-30,3,2568.69,completed
14675,20,8,2025-05-30,2,83.46,completed
14676,372,8,2025-05-30,1,42.32,cancelled
14677,3,27,2025-05-30,3,193.71,completed
14678,355,26,2025-05-30,3,94.18,completed
14679,191,10,2025-05-30,4,640.96,completed
14680,467,19,2025-05-30,3,74.05,completed
14681,78,13,2025-05-30,2,101.16,completed
14682,277,26,2025-05-30,1,31.72,completed
14683,202,25,2025-05-31,4,224.44,cancelled
14684,334,24,2025-05-31,1,36.57,completed
14685,315,9,2025-05-31,1,46.35,completed
14686,376,19,2025-05-31,1,25.12,returned
14687,129,7,2025-06-01,3,374.14,cancelled
14688,376,3,2025-06-01,1,801.66,completed
14689,480,29,2025-06-01,2,82.36,completed
14690,10,23,2025-06-01,2,20.92,completed
14691,68,29,2025-06-01,3,121.12,cancelled
14692,256,4,2025-06-01,1,568.11,cancelled
14693,124,1,2025-06-02,1,726.89,completed
14694,70,7,2025-06-02,4,493.7,cancelled
14695,142,12,2025-06-02,3,278.32,cancelled
14696,455,25,2025-06-02,2,118.86,completed
14697,10,13,2025-06-02,2,107.83,returned
14698,249,1,2025-06-02,3,2249.95,returned
14699,115,21,2025-06-02,2,147.74,returned
14700,10,22,2025-06-02,1,21.25,completed
14701,139,10,2025-06-02,4,680.91,completed
14702,97,9,2025-06-02,3,134.84,completed
14703,390,30,2025-06-02,3,139.87,returned
14704,484,11,2025-06-03,4,105.7,completed
14705,381,28,2025-06-03,4,125.4,completed
14706,431,10,2025-06-03,3,485.42,cancelled
14707,268,16,2025-06-03,4,89.24,completed
14708,293,22,2025-06-03,1,21.4,completed
14709,204,12,2025-06-03,2,175.96,returned
14710,242,25,2025-06-03,3,177.94,completed
14711,133,22,2025-06-03,3,63.93,completed
14712,376,2,2025-06-03,4,1625.79,returned
14713,333,28,2025-06-04,3,94.92,returned
14714,311,16,2025-06-04,3,68.57,completed
14715,372,14,2025-06-04,3,406.07,completed
14716,274,18,2025-06-04,4,23.81,completed
14717,370,28,2025-06-04,4,127.2,returned
14718,497,5,2025-06-04,3,411.16,completed
14719,291,13,2025-06-04,4,205.68,cancelled
14720,445,29,2025-06-04,4,168.34,completed
14721,215,14,2025-06-04,3,389.39,cancelled
14722,348,21,2025-06-04,2,156.23,completed
14723,85,24,2025-06-04,3,110.41,completed
14724,135,24,2025-06-05,2,74.08,cancelled
14725,256,14,2025-06-05,3,395.24,returned
14726,41,26,2025-06-05,2,62.78,completed
14727,76,11,2025-06-05,3,83.85,cancelled
14728,233,11,2025-06-05,4,111.0,cancelled
14729,10,12,2025-06-05,2,192.43,cancelled
14730,10,14,2025-06-05,4,509.9,completed
14731,326,7,2025-06-06,3,366.98,cancelled
14732,245,10,2025-06-06,3,493.02,completed
14733,359,25,2025-06-06,3,163.27,returned
14734,92,1,2025-06-06,1,764.13,returned
14735,5,25,2025-06-06,3,168.46,completed
14736,187,19,2025-06-06,4,97.5,completed
14737,363,10,2025-06-06,2,344.33,completed
14738,76,28,2025-06-06,3,93.19,cancelled
14739,10,4,2025-06-07,2,1174.12,completed
14740,279,3,2025-06-07,1,781.88,completed
14741,70,19,2025-06-07,4,96.56,completed
14742,143,24,2025-06-07,3,111.78,completed
14743,260,6,2025-06-07,1,203.09,completed
14744,357,17,2025-06-07,4,56.57,completed
14745,443,13,2025-06-07,4,206.94,completed
14746,94,20,2025-06-08,3,53.2,completed
14747,84,21,2025-06-08,2,153.5,cancelled
14748,421,30,2025-06-08,3,142.59,cancelled
14749,128,22,2025-06-08,3,65.15,completed
14750,351,7,2025-06-08,1,124.1,completed
14751,14,6,2025-06-08,4,826.14,completed
14752,399,23,2025-06-08,4,44.83,cancelled
14753,85,17,2025-06-08,4,55.89,completed
14754,188,17,2025-06-08,2,28.23,cancelled
14755,118,14,2025-06-08,2,263.05,returned
14756,468,14,2025-06-08,1,131.96,cancelled
14757,89,8,2025-06-09,4,170.43,completed
14758,76,30,2025-06-09,1,44.8,completed
14759,398,9,2025-06-09,2,89.89,completed
14760,97,3,2025-06-09,1,822.87,completed
14761,371,6,2025-06-09,2,404.92,completed
14762,376,18,2025-06-09,4,22.79,completed
14763,355,9,2025-06-09,1,46.39,completed
14764,10,8,2025-06-09,2,81.96,cancelled
14765,126,2,2025-06-09,3,1253.68,returned
14766,17,6,2025-06-09,1,201.77,completed
14767,33,24,2025-06-09,3,108.31,cancelled
14768,41,20,2025-06-09,1,17.4,completed
14769,471,23,2025-06-10,3,31.58,completed
14770,92,20,2025-06-10,3,51.87,completed
14771,419,23,2025-06-10,4,44.1,returned
14772,390,24,2025-06-10,4,145.53,completed
14773,381,25,2025-06-10,4,230.81,completed
14774,123,26,2025-06-10,3,101.22,cancelled
14775,51,21,2025-06-11,4,296.23,returned
14776,198,1,2025-06-11,4,3031.71,returned
14777,345,6,2025-06-11,3,664.79,completed
14778,119,25,2025-06-11,4,220.49,cancelled
14779,472,26,2025-06-11,3,94.5,returned
14780,439,11,2025-06-11,3,85.29,returned
14781,93,12,2025-06-11,2,177.24,completed
14782,303,18,2025-06-11,1,5.58,cancelled
14783,498,1,2025-06-11,2,1517.42,completed
14784,162,28,2025-06-12,2,62.83,cancelled
14785,99,30,2025-06-12,3,136.99,completed
14786,10,28,2025-06-12,1,32.58,completed
14787,89,2,2025-06-12,1,398.17,completed
14788,144,1,2025-06-12,2,1414.21,returned
14789,132,28,2025-06-12,4,120.73,completed
14790,255,23,2025-06-12,1,10.39,cancelled
14791,255,2,2025-06-12,2,815.05,completed
14792,340,16,2025-06-12,1,22.46,completed
14793,318,29,2025-06-12,3,121.77,completed
14794,215,4,2025-06-12,2,1196.61,returned
14795,88,11,2025-06-12,2,51.4,returned
14796,10,24,2025-06-13,1,33.74,completed
14797,155,27,2025-06-13,1,60.09,completed
14798,46,5,2025-06-13,3,427.19,completed
14799,10,2,2025-06-13,3,1247.89,completed
14800,3,29,2025-06-13,4,172.12,returned
14801,131,21,2025-06-13,1,80.87,cancelled
14802,132,5,2025-06-13,2,278.31,completed
14803,40,15,2025-06-14,4,504.19,cancelled
14804,241,10,2025-06-14,4,673.55,completed
14805,386,6,2025-06-14,1,210.8,returned
14806,205,20,2025-06-14,3,51.32,completed
14807,338,9,2025-06-14,4,174.11,completed
14808,279,27,2025-06-14,2,130.29,completed
14809,20,8,2025-06-14,2,87.73,cancelled
14810,454,3,2025-06-14,3,2531.55,returned
14811,390,7,2025-06-15,3,372.43,cancelled
14812,219,15,2025-06-15,4,524.25,completed
14813,409,13,2025-06-15,1,51.15,cancelled
14814,421,28,2025-06-15,1,30.73,completed
14815,237,27,2025-06-15,3,177.87,completed
14816,248,10,2025-06-15,1,158.72,returned
14817,141,25,2025-06-15,1,54.28,cancelled
14818,92,11,2025-06-15,4,109.97,completed
14819,439,2,2025-06-15,1,401.97,returned
14820,241,12,2025-06-15,1,95.79,cancelled
14821,139,28,2025-06-16,2,60.51,returned
14822,10,1,2025-06-16,4,2815.55,cancelled
14823,10,6,2025-06-16,3,628.8,completed
14824,236,17,2025-06-16,1,14.23,completed
14825,23,4,2025-06-16,2,1159.08,returned
14826,272,14,2025-06-16,1,129.92,completed
14827,411,19,2025-06-16,4,105.33,completed
14828,225,22,2025-06-16,2,41.21,returned
14829,335,23,2025-06-16,2,22.03,completed
14830,396,1,2025-06-16,4,2766.66,completed
14831,207,6,2025-06-16,3,620.32,cancelled
14832,455,7,2025-06-16,4,483.78,completed
14833,143,30,2025-06-16,1,44.79,completed
14834,8,23,2025-06-16,4,45.71,returned
14835,79,6,2025-06-16,2,403.92,returned
14836,10,1,2025-06-16,3,2117.69,completed
14837,207,7,2025-06-16,3,367.07,completed
14838,331,30,2025-06-17,1,46.45,cancelled
14839,192,6,2025-06-17,2,428.57,cancelled
14840,295,26,2025-06-17,3,103.66,cancelled
14841,303,12,2025-06-17,1,96.31,completed
14842,412,20,2025-06-17,2,34.56,completed
14843,327,13,2025-06-17,2,105.22,completed
14844,311,18,2025-06-17,2,11.04,completed
14845,272,2,2025-06-18,4,1570.84,cancelled
14846,81,2,2025-06-18,4,1684.8,cancelled
14847,439,22,2025-06-18,4,86.72,cancelled
14848,318,17,2025-06-18,1,13.95,cancelled
14849,366,24,2025-06-19,3,106.13,completed
14850,181,23,2025-06-19,2,22.72,completed
14851,396,15,2025-06-19,3,383.56,cancelled
14852,422,13,2025-06-19,3,160.48,completed
14853,480,8,2025-06-19,2,83.63,completed
14854,126,4,2025-06-19,4,2399.16,returned
14855,142,25,2025-06-19,1,59.21,completed
14856,124,19,2025-06-19,3,74.44,returned
14857,472,27,2025-06-20,4,254.11,returned
14858,216,6,2025-06-20,4,868.11,completed
14859,479,15,2025-06-20,2,252.94,completed
14860,334,11,2025-06-20,1,28.09,returned
14861,472,8,2025-06-20,1,42.48,completed
14862,10,11,2025-06-20,3,82.27,completed
14863,370,11,2025-06-20,3,84.01,returned
14864,282,20,2025-06-20,1,17.41,cancelled
14865,81,1,2025-06-21,2,1454.59,completed
14866,351,10,2025-06-21,1,162.72,completed
14867,133,30,2025-06-21,4,180.23,returned
14868,216,3,2025-06-21,2,1648.24,completed
14869,462,18,2025-06-21,2,11.95,completed
14870,352,2,2025-06-21,1,403.02,completed
14871,24,23,2025-06-21,2,22.56,returned
14872,152,4,2025-06-21,2,1178.35,completed
14873,192,30,2025-06-21,1,48.7,cancelled
14874,370,22,2025-06-21,3,65.24,cancelled
14875,314,17,2025-06-21,3,44.27,returned
14876,10,29,2025-06-21,4,165.35,completed
14877,368,21,2025-06-21,1,77.06,completed
14878,190,8,2025-06-22,4,163.2,completed
14879,224,7,2025-06-22,2,251.01,returned
14880,324,30,2025-06-22,2,90.79,cancelled
14881,241,24,2025-06-22,1,37.16,completed
14882,484,26,2025-06-22,4,133.69,returned
14883,1,17,2025-06-22,1,14.79,returned
14884,130,13,2025-06-22,2,100.69,cancelled
14885,139,24,2025-06-22,2,67.31,completed
14886,264,14,2025-06-22,2,265.0,cancelled
14887,25,7,2025-06-22,2,233.36,returned
14888,141,4,2025-06-22,3,1710.03,completed
14889,53,26,2025-06-22,3,95.65,completed
14890,407,8,2025-06-22,4,172.06,completed
14891,63,22,2025-06-22,2,39.7,completed
14892,431,22,2025-06-23,3,59.93,completed
14893,348,9,2025-06-23,2,87.52,cancelled
14894,126,19,2025-06-23,2,49.98,returned
14895,92,27,2025-06-23,4,243.09,completed
14896,351,11,2025-06-23,1,27.8,returned
14897,376,14,2025-06-23,4,558.97,cancelled
14898,42,30,2025-06-23,3,139.4,completed
14899,224,1,2025-06-24,3,2130.57,completed
14900,94,29,2025-06-24,1,44.37,cancelled
14901,139,3,2025-06-24,1,775.91,cancelled
14902,87,19,2025-06-25,4,102.56,returned
14903,458,8,2025-06-25,3,123.94,cancelled
14904,384,23,2025-06-25,4,43.83,completed
14905,361,20,2025-06-25,4,72.21,completed
14906,376,25,2025-06-25,1,59.91,completed
14907,112,4,2025-06-25,4,2372.56,completed
14908,150,19,2025-06-25,3,77.9,completed
14909,109,29,2025-06-25,2,84.52,returned
14910,390,8,2025-06-25,3,124.47,completed
14911,225,30,2025-06-26,4,178.51,cancelled
14912,57,30,2025-06-26,4,197.66,completed
14913,10,5,2025-06-26,3,405.58,completed
14914,262,18,2025-06-26,3,17.35,cancelled
14915,76,21,2025-06-26,1,73.77,returned
14916,220,9,2025-06-26,4,184.16,returned
14917,207,24,2025-06-26,4,146.25,completed
14918,335,26,2025-06-26,3,103.0,cancelled
14919,390,13,2025-06-27,1,50.58,completed
14920,23,2,2025-06-27,1,391.09,completed
14921,308,22,2025-06-27,4,80.26,completed
14922,279,2,2025-06-27,3,1185.06,completed
14923,500,28,2025-06-27,3,96.69,completed
14924,411,7,2025-06-27,1,115.58,returned
14925,10,23,2025-06-27,4,45.07,completed
14926,194,28,2025-06-27,3,91.42,completed
14927,430,25,2025-06-27,1,59.43,cancelled
14928,124,13,2025-06-27,1,52.15,completed
14929,10,18,2025-06-28,3,17.53,cancelled
14930,10,20,2025-06-28,3,52.37,completed
14931,377,6,2025-06-28,3,643.48,cancelled
14932,390,9,2025-06-28,4,182.74,completed
14933,84,6,2025-06-28,2,438.0,completed
14934,225,10,2025-06-28,1,160.66,completed
14935,489,26,2025-06-28,4,126.76,completed
14936,297,15,2025-06-28,2,263.61,completed
14937,112,6,2025-06-28,2,444.71,completed
14938,46,19,2025-06-28,3,75.45,returned
14939,429,17,2025-06-28,3,42.23,returned
14940,374,4,2025-06-29,1,562.67,returned
14941,10,15,2025-06-29,2,242.21,completed
14942,422,2,2025-06-29,1,411.54,cancelled
14943,207,29,2025-06-29,4,167.73,returned
14944,273,29,2025-06-29,1,43.14,returned
14945,71,19,2025-06-29,2,50.96,completed
14946,215,16,2025-06-29,3,65.81,completed
14947,259,22,2025-06-29,2,42.24,returned
14948,500,14,2025-06-29,3,386.16,cancelled
14949,1,28,2025-06-29,1,30.12,completed
14950,109,30,2025-06-29,1,49.31,completed
14951,277,21,2025-06-29,1,74.79,completed
14952,208,22,2025-06-29,2,39.98,cancelled
14953,404,22,2025-06-29,4,81.66,completed
14954,404,22,2025-06-29,4,83.22,completed
14955,405,22,2025-06-29,2,43.75,completed
14956,293,29,2025-06-29,4,176.17,completed
14957,331,11,2025-06-30,3,82.94,completed
14958,10,23,2025-06-30,3,32.75,cancelled
14959,282,9,2025-06-30,1,46.25,completed
14960,466,30,2025-06-30,1,49.47,completed
14961,273,21,2025-06-30,2,161.81,completed
14962,5,23,2025-06-30,2,22.57,completed
14963,75,13,2025-06-30,4,210.3,completed
14964,1,8,2025-06-30,3,128.52,cancelled
14965,132,19,2025-07-01,4,101.64,completed
14966,38,11,2025-07-01,1,27.88,returned
14967,362,3,2025-07-01,3,2327.61,returned
14968,28,2,2025-07-01,1,411.26,completed
14969,10,17,2025-07-01,1,13.86,returned
14970,122,22,2025-07-01,3,63.81,cancelled
14971,16,18,2025-07-01,2,11.06,completed
14972,133,19,2025-07-01,3,72.64,completed
14973,424,13,2025-07-01,3,153.02,completed
14974,57,4,2025-07-02,1,553.58,completed
14975,371,22,2025-07-02,2,41.21,returned
14976,258,6,2025-07-02,4,813.27,completed
14977,327,1,2025-07-02,3,2082.53,completed
14978,97,12,2025-07-02,2,187.76,cancelled
14979,376,27,2025-07-02,2,128.13,cancelled
14980,10,30,2025-07-02,2,92.28,completed
14981,421,5,2025-07-02,1,134.33,completed
14982,412,13,2025-07-02,4,203.19,cancelled
14983,390,25,2025-07-02,4,227.96,completed
14984,316,24,2025-07-02,3,109.07,returned
14985,489,1,2025-07-02,1,743.65,completed
14986,76,6,2025-07-02,2,421.76,completed
14987,380,28,2025-07-02,1,32.36,returned
14988,31,12,2025-07-02,2,189.33,returned
14989,57,23,2025-07-02,1,11.17,cancelled
14990,1,2,2025-07-02,3,1263.37,completed
14991,98,6,2025-07-03,2,414.36,cancelled
14992,26,3,2025-07-03,1,774.57,completed
14993,365,30,2025-07-03,4,180.94,completed
14994,308,8,2025-07-03,1,40.08,completed
14995,158,2,2025-07-03,2,773.2,completed
14996,338,14,2025-07-03,1,131.56,cancelled
14997,154,2,2025-07-03,1,419.62,completed
14998,115,28,2025-07-03,1,31.31,completed
14999,277,13,2025-07-03,4,199.75,cancelled
15000,303,16,2025-07-03,2,44.1,completed
